image,ground_truth,prediction,confidence,exact_match,edit_distance,cer,time_seconds
word_000001.png,JOINT,JOINT,0.9999758005142212,True,0,0.0,0.6935828999849036
word_000002.png,yourself,yourself,0.9999641180038452,True,0,0.0,0.5147126999800093
word_000003.png,154,154,0.999997615814209,True,0,0.0,0.523948800022481
word_000004.png,197,197,0.9999971389770508,True,0,0.0,0.5238050000043586
word_000005.png,727,727,0.9999943375587463,True,0,0.0,0.5347685999877285
word_000006.png,198,198,0.9999940991401672,True,0,0.0,0.5294780000112951
word_000007.png,20029,20029,0.9999964833259583,True,0,0.0,0.5310988000128418
word_000008.png,Free,Free,0.9999974966049194,True,0,0.0,0.5616956999874674
word_000009.png,from,from,0.9999169111251831,True,0,0.0,0.48124010002356954
word_000010.png,PAIN,PAIN,0.9999680519104004,True,0,0.0,0.5089391000219621
word_000011.png,BLOCK,BLOCK,0.9999595880508423,True,0,0.0,0.5431647000077646
word_000012.png,441B,441B,0.9994261264801025,True,0,0.0,0.4931081999966409
word_000013.png,STOREY,STOREY,0.9998357892036438,True,0,0.0,0.5309485999750905
word_000014.png,NUS,NUS,0.9999898076057434,True,0,0.0,0.5376081999856979
word_000015.png,Speed,Speed,0.9999958276748657,True,0,0.0,0.47920040000462905
word_000016.png,Regulating,Regulating,0.9963691830635071,True,0,0.0,0.5443518000247423
word_000017.png,Strips,Strips,0.9997596740722656,True,0,0.0,0.5154972999880556
word_000018.png,Ahead,Ahead,0.9959065318107605,True,0,0.0,0.5426146000099834
word_000019.png,SLOW,SLOW,0.9999887943267822,True,0,0.0,0.47959120001178235
word_000020.png,DOORS,DOORS,0.9998567700386047,True,0,0.0,0.5534422999771778
word_000021.png,AIROB,BERD,0.5963100790977478,False,4,0.8,0.4508475000038743
word_000022.png,Reserved,Reserved,0.9999436140060425,True,0,0.0,0.5215933999861591
word_000023.png,Seating,Seating,0.999898374080658,True,0,0.0,0.5133940000087023
word_000024.png,FOR,FOR,0.9999852776527405,True,0,0.0,0.48406380001688376
word_000025.png,SHOP,SHOP,0.9999819397926331,True,0,0.0,0.5475030000088736
word_000026.png,Kappa,Kaopa,0.9866803288459778,False,1,0.2,0.5006201000069268
word_000027.png,CAUTION,CAUTION,0.9996711611747742,True,0,0.0,0.4904341000074055
word_000028.png,VEGETARIAN,VEGETARIAN,0.9999624490737915,True,0,0.0,0.5240966999845114
word_000029.png,Please,Please,0.99992436170578,True,0,0.0,0.49087010000948794
word_000030.png,lower,lower,0.9997850656509399,True,0,0.0,0.5279606000112835
word_000031.png,your,your,0.999966025352478,True,0,0.0,0.5343725999991875
word_000032.png,volume,volume,0.9904116988182068,True,0,0.0,0.5716847000003327
word_000033.png,when,when,0.9993875026702881,True,0,0.0,0.5093827999953646
word_000034.png,you,you,0.9999826550483704,True,0,0.0,0.489750799984904
word_000035.png,pass,pass,0.9997409582138062,True,0,0.0,0.5522144999995362
word_000036.png,residential,residential,0.999971330165863,True,0,0.0,0.5560409000026993
word_000037.png,areas,areas,0.9993450045585632,True,0,0.0,0.492586799984565
word_000038.png,BEWARE,BEWARE,0.9999892711639404,True,0,0.0,0.5324016000085976
word_000039.png,MAINTENANCE,MAINTENANCE,0.9999309182167053,True,0,0.0,0.5908776000142097
word_000040.png,VEICHLES,VEHICLES,0.9999784231185913,False,2,0.25,0.512213400012115
word_000041.png,those,those,0.904415488243103,True,0,0.0,0.4854568999726325
word_000042.png,need!,need!,0.9998797178268433,True,0,0.0,0.524751799996011
word_000043.png,Care,Care,0.9998500347137451,True,0,0.0,0.4872680999978911
word_000044.png,for,for,0.9981238842010498,True,0,0.0,0.5553087999869604
word_000045.png,Look,Look,0.9997926950454712,True,0,0.0,0.514741100021638
word_000046.png,Care,Care,0.999203622341156,True,0,0.0,0.483811300015077
word_000047.png,CHEVRON,CHEVRON,0.999989926815033,True,0,0.0,0.6159974999900442
word_000048.png,Premier,Premier,0.9998653531074524,True,0,0.0,0.48870720001286827
word_000049.png,HSBC,HSBC,0.9999850988388062,True,0,0.0,0.5041123000264633
word_000050.png,HOU,HOU,0.8678959012031555,True,0,0.0,0.524780700012343
word_000051.png,the,the,0.9999985694885254,True,0,0.0,0.5434814000036567
word_000052.png,Future,Future,0.9996042251586914,True,0,0.0,0.4830865999974776
word_000053.png,Communications,Communications,0.9974504709243774,True,0,0.0,0.5022837000142317
word_000054.png,venting,venting,0.9981675744056702,True,0,0.0,0.5244459999958053
word_000055.png,ntelligence.,ntelligence.,0.9535117149353027,True,0,0.0,0.48478279999108054
word_000056.png,Reserved,Reserved,0.9999959468841553,True,0,0.0,0.5496658000047319
word_000057.png,Seating,Seating,0.9999922513961792,True,0,0.0,0.5420906999788713
word_000058.png,PINTU,PINTU,0.9999680519104004,True,0,0.0,0.5519140000105835
word_000059.png,Reserved,Reserved,0.999997079372406,True,0,0.0,0.5512018000008538
word_000060.png,Seating,Seating,0.9999934434890747,True,0,0.0,0.5611014000023715
word_000061.png,BAG,BAG,0.9999757409095764,True,0,0.0,0.4788991000095848
word_000062.png,FOR,FOR,0.999992847442627,True,0,0.0,0.4787087999866344
word_000063.png,DOW,DOV,0.8491982817649841,False,1,0.3333333333333333,0.523552099999506
word_000064.png,BETTER,BETTER,0.9967613220214844,True,0,0.0,0.5687695000087842
word_000065.png,SMOKING,SMOKING,0.9963785409927368,True,0,0.0,0.5325428000069223
word_000066.png,Haugang,Hougang,0.995880126953125,False,1,0.14285714285714285,0.48260689998278394
word_000067.png,Ave,Ave,0.9998424649238586,True,0,0.0,0.5329975000058766
word_000068.png,(Upp,(Upp,0.9997447729110718,True,0,0.0,0.5363550999900326
word_000069.png,Serangoon,Serangoon,0.9998385310173035,True,0,0.0,0.5363260000012815
word_000070.png,RdJ,Rd),0.9931311011314392,False,1,0.3333333333333333,0.5248701999953482
word_000071.png,EXIT,EXIT,0.9999428987503052,True,0,0.0,0.4900000999914482
word_000072.png,I2R,I2R,0.9247934222221375,True,0,0.0,0.5243192999914754
word_000073.png,West,West,0.9985929727554321,True,0,0.0,0.5225863000086974
word_000074.png,Coast,Coast,0.9943550825119019,True,0,0.0,0.5203223999997135
word_000075.png,Way,Way,0.9999800324440002,True,0,0.0,0.53477820000262
word_000076.png,PIE,PIE,0.9967333674430847,True,0,0.0,0.4999132000084501
word_000077.png,BEYOND,00,0.31477487087249756,False,6,1.0,0.5195195999986026
word_000078.png,FOUR,POT,0.5722476243972778,False,3,0.75,0.5309785999997985
word_000079.png,WALLS,50,0.5450211763381958,False,5,1.0,0.4975470000063069
word_000080.png,JOIN,JOIN,0.9848362803459167,True,0,0.0,0.4951378999976441
word_000081.png,CLASSROOMS,01,0.18963801860809326,False,10,1.0,0.5474693999858573
word_000082.png,NOW,NOW!,0.9954918622970581,False,1,0.3333333333333333,0.5345707999949809
word_000083.png,DRING,DAI,0.4608379304409027,False,3,0.6,0.5309386999870185
word_000084.png,YOU,Too,0.6095179915428162,False,3,1.0,0.4929040999850258
word_000085.png,WORLD,POIE,0.26334309577941895,False,4,0.8,0.4800530000065919
word_000086.png,THE,TE,0.7871459722518921,False,1,0.3333333333333333,0.5297841999854427
word_000087.png,BEAST,A,0.3666805326938629,False,4,0.8,0.5109449999872595
word_000088.png,CITY,AT,0.18821240961551666,False,3,0.75,0.5449724999780301
word_000089.png,$20,$20,0.9999862313270569,True,0,0.0,0.47724000000744127
word_000090.png,LOST,U0,0.33697763085365295,False,4,1.0,0.4925587000034284
word_000091.png,FOOD,FOOD,0.9999327659606934,True,0,0.0,0.5263980999880005
word_000092.png,GGULDEN,IGGULDEN,0.9994335770606995,False,1,0.14285714285714285,0.5007153000042308
word_000093.png,UNSEEN,20M,0.36622703075408936,False,6,1.0,0.4769749999977648
word_000094.png,UNSEEN,MOIE,0.2972610890865326,False,5,0.8333333333333334,0.4997180000063963
word_000095.png,Toffifee,Toffifee,0.9999527335166931,True,0,0.0,0.530796700011706
word_000096.png,Emergency,Emergency,0.9999778270721436,True,0,0.0,0.5248410000058357
word_000097.png,Stop,Stop,0.9967389702796936,True,0,0.0,0.5145186000154354
word_000098.png,Plunger,Plunger,0.9999637603759766,True,0,0.0,0.5234425000089686
word_000099.png,CONVERSE,CONVERSE,0.9057374000549316,True,0,0.0,0.497837700007949
word_000100.png,FairPrice,FairPrice,0.9999595284461975,True,0,0.0,0.5095903000037652
word_000101.png,finest,finest,0.9997981190681458,True,0,0.0,0.49311650000163354
word_000102.png,Mitsubishi,Mitsubishi,0.9999982118606567,True,0,0.0,0.5045404999982566
word_000103.png,JUR,JUR,0.9996455311775208,True,0,0.0,0.548873799998546
word_000104.png,TOWN,TOWN,0.8941410183906555,True,0,0.0,0.5539297999930568
word_000105.png,HALL,HALL,0.999954342842102,True,0,0.0,0.5421979999809992
word_000106.png,197,197,0.9988942742347717,True,0,0.0,0.4973022000049241
word_000107.png,AYE,AYE,0.9435636401176453,True,0,0.0,0.5578013000194915
word_000108.png,Electric,Electric,0.9999881982803345,True,0,0.0,0.5312107999925502
word_000109.png,star,Star,0.8979794383049011,False,1,0.25,0.5787411000055727
word_000110.png,Air,Air,0.9998453259468079,True,0,0.0,0.5516365999937989
word_000111.png,MEX,MEX,0.9204398989677429,True,0,0.0,0.524214100005338
word_000112.png,Better,Better,0.9999907612800598,True,0,0.0,0.5073425000009593
word_000113.png,the,the,0.9992842674255371,True,0,0.0,0.53450249999878
word_000114.png,Conditioner,Conditioner,0.9995163083076477,True,0,0.0,0.5903830000024755
word_000115.png,OPEN,OPEN,0.9718579053878784,True,0,0.0,0.6053738000045996
word_000116.png,QBHOUSE,QBHOUSE,0.999961256980896,True,0,0.0,0.5927839000069071
word_000117.png,Nam,Nam,0.999995768070221,True,0,0.0,0.5973027999862097
word_000118.png,Library,Library,0.999954342842102,True,0,0.0,0.5065454000141472
word_000119.png,Lecture,Lecture,0.9999918937683105,True,0,0.0,0.522813599993242
word_000120.png,Wee,Wee,0.9999914169311523,True,0,0.0,0.5197610000032
word_000121.png,Theatre,Theatre,0.9999962449073792,True,0,0.0,0.5712155000073835
word_000122.png,Lee,Lee,0.9999863505363464,True,0,0.0,0.5246049000124913
word_000123.png,Wat,Wat,0.9999566078186035,True,0,0.0,0.5267413000110537
word_000124.png,Exc,Exc,0.99969482421875,True,0,0.0,0.5779366999922786
word_000125.png,comi,comin,0.9988324046134949,False,1,0.25,0.524454300000798
word_000126.png,cha,cha,0.9999920725822449,True,0,0.0,0.5506210000021383
word_000127.png,$50,550,0.9146411418914795,False,1,0.3333333333333333,0.5391965999733657
word_000128.png,ZALORA,ZALORA,0.9999885559082031,True,0,0.0,0.5440833999891765
word_000129.png,purchases,purchases,0.9999854564666748,True,0,0.0,0.5039846999861766
word_000130.png,the,the,0.9999968409538269,True,0,0.0,0.545129200007068
word_000131.png,next,next,0.999887228012085,True,0,0.0,0.4906172000046354
word_000132.png,day!,day!,0.9999597072601318,True,0,0.0,0.4962363000086043
word_000133.png,Sign-up,Sign-up,0.9996113181114197,True,0,0.0,0.5310696999949869
word_000134.png,Shop,Shop,0.9994784593582153,True,0,0.0,0.4975648000254296
word_000135.png,Collect,Collect,0.9928930997848511,True,0,0.0,0.533895600005053
word_000136.png,Only,Only,0.9998984932899475,True,0,0.0,0.5283248999912757
word_000137.png,notes,notes,0.99998939037323,True,0,0.0,0.5375969000160694
word_000138.png,available,available,0.9996845722198486,True,0,0.0,0.5210404999961611
word_000139.png,here,here,0.9999952912330627,True,0,0.0,0.5788957000186201
word_000140.png,Atm,Atm,0.9999915957450867,True,0,0.0,0.5686087000067346
word_000141.png,for,for,0.998568594455719,True,0,0.0,0.526768700015964
word_000142.png,MRT,MRT,0.9999858736991882,True,0,0.0,0.5193153000145685
word_000143.png,140m,140m,0.9999957084655762,True,0,0.0,0.5421795999864116
word_000144.png,INSEAD,INSEAD,0.9999870657920837,True,0,0.0,0.5192048999888357
word_000145.png,Art,An,0.9511466026306152,False,2,0.6666666666666666,0.528633699985221
word_000146.png,Needs,Needs,0.9998672604560852,True,0,0.0,0.5468526000040583
word_000147.png,Art,Art,0.9999485015869141,True,0,0.0,0.5543424000206869
word_000148.png,Needs,Needs,0.9999947547912598,True,0,0.0,0.5121348999964539
word_000149.png,Art,Art,0.9999821782112122,True,0,0.0,0.5017133000073954
word_000150.png,Needs,Needs,0.9999961853027344,True,0,0.0,0.5186645000067074
word_000151.png,EXIT,EXIT,0.9998053908348083,True,0,0.0,0.5595839000015985
word_000152.png,HI-TEC,HI-TEC,0.9999568462371826,True,0,0.0,0.5292782000033185
word_000153.png,LI-NING,LI-NING,0.8928560018539429,True,0,0.0,0.5219152000208851
word_000154.png,SALE,SALE,0.924583911895752,True,0,0.0,0.5588525000202935
word_000155.png,HEAD,HEAD,0.9999513626098633,True,0,0.0,0.4990661999909207
word_000156.png,HEAD,HEAD,0.9881426095962524,True,0,0.0,0.5082034000079148
word_000157.png,Note?,Note?,0.9999038577079773,True,0,0.0,0.5718136000214145
word_000158.png,Samsung,Samsung,0.9999005198478699,True,0,0.0,0.5428751000144985
word_000159.png,GALAXY,GALAXY,0.9999687075614929,True,0,0.0,0.5605383999936748
word_000160.png,you,you,0.9999585151672363,True,0,0.0,0.5681985999981407
word_000161.png,Note,Note,0.9994152188301086,True,0,0.0,0.5006580000044778
word_000162.png,SAMSUNG,SAMSUNG,0.9999507069587708,True,0,0.0,0.5080368999915663
word_000163.png,RYOSHI,RYOSHI,0.9776003360748291,True,0,0.0,0.5734668000077363
word_000164.png,SUSHI,SUSHI,0.9939045906066895,True,0,0.0,0.4939940000185743
word_000165.png,IKEIKEMARU,IKEIKEMARU,0.9861562848091125,True,0,0.0,0.5568397000024561
word_000166.png,Expert,Expert,0.9996946454048157,True,0,0.0,0.531244300014805
word_000167.png,Beaute,Beauté,0.9167001843452454,False,1,0.16666666666666666,0.5672395000001416
word_000168.png,concierge@L3,concierge@L3,0.9996886253356934,True,0,0.0,0.5676426000136416
word_000169.png,EXIT,EXIT,0.9999343156814575,True,0,0.0,0.5501479999802541
word_000170.png,UNSHAKA,UNSHAKA,0.9999657273292542,True,0,0.0,0.5673119999992196
word_000171.png,AT HIGH,AT HIGH,0.9734435677528381,True,0,0.0,0.5995854000211693
word_000172.png,SPEEDS.,SPEEDS.,0.9998374581336975,True,0,0.0,0.551760500005912
word_000173.png,Bread,Bread,0.9998742938041687,True,0,0.0,0.5871539999789093
word_000174.png,Talk,Talk,0.9999876022338867,True,0,0.0,0.5185619999829214
word_000175.png,Bread,Bread,0.9999914169311523,True,0,0.0,0.5610148999840021
word_000176.png,Talk,Talk,0.9999958872795105,True,0,0.0,0.5223991999810096
word_000177.png,CAFÉ,CAFE,0.8966853618621826,False,1,0.25,0.5462361999962013
word_000178.png,CA.,CA.,0.9999611973762512,True,0,0.0,0.5785714000230655
word_000179.png,CREATIVITY,CREATIVITY,0.9997861981391907,True,0,0.0,0.5246716999972705
word_000180.png,TAPE,TAPE,0.9999353289604187,True,0,0.0,0.5504065999994054
word_000181.png,MARKET,MARKET,0.9998523592948914,True,0,0.0,0.5263744999829214
word_000182.png,A/X,A|X,0.8511732220649719,False,1,0.3333333333333333,0.5646830000041518
word_000183.png,Klein,Klein,0.9754654765129089,True,0,0.0,0.5350468000106048
word_000184.png,Jeans,Jeans,0.990504264831543,True,0,0.0,0.5582878999994136
word_000185.png,Klein,下O,0.25047969818115234,False,5,1.0,0.531083200010471
word_000186.png,Jeans,Sot,0.413630872964859,False,5,1.0,0.5355617000022903
word_000187.png,Calvin,,0.0,False,6,1.0,0.5536269999865908
word_000188.png,SALE,SALE,0.9993999600410461,True,0,0.0,0.5612643999920692
word_000189.png,SAMSUNG,SAMSUNG,0.9999390840530396,True,0,0.0,0.5482363000046462
word_000190.png,Kinokuniya,Kinokuniya,0.9999859929084778,True,0,0.0,0.5415326000074856
word_000191.png,MANGA,MANGA,0.9999305605888367,True,0,0.0,0.5501928000012413
word_000192.png,MANGA,MANGA,0.9999966621398926,True,0,0.0,0.5620485999970697
word_000193.png,pumpkin,pumpkin,0.9999642372131348,True,0,0.0,0.5837022000050638
word_000194.png,the,the,0.9999992251396179,True,0,0.0,0.5833256999903824
word_000195.png,big,big,0.9999963641166687,True,0,0.0,0.5414896000002045
word_000196.png,Patch,Patch,0.9997587203979492,True,0,0.0,0.5781579999893438
word_000197.png,patch,patch,0.9992785453796387,True,0,0.0,0.5291187000111677
word_000198.png,sale,sale,0.9958146214485168,True,0,0.0,0.5760482999903616
word_000199.png,FOX,FOX,0.998823344707489,True,0,0.0,0.536635299999034
word_000200.png,ZONY,ZOHY,0.7521588802337646,False,1,0.25,0.5502531999954954
word_000201.png,HOUSE,HOUSE,0.9999175071716309,True,0,0.0,0.508662500011269
word_000202.png,QBHO,QBHO,0.9964265823364258,True,0,0.0,0.5325205000117421
word_000203.png,just,Nust,0.7719810009002686,False,1,0.25,0.5238489000184927
word_000204.png,adidas,adidas,0.9381383061408997,True,0,0.0,0.5344663999858312
word_000205.png,sale,sale,0.9996935129165649,True,0,0.0,0.5253683000046294
word_000206.png,adidas,adidas,0.999995231628418,True,0,0.0,0.509537799982354
word_000207.png,KECHERS,KECHERS,0.9999927878379822,True,0,0.0,0.6555186999903526
word_000208.png,run.,run.,0.999660849571228,True,0,0.0,0.5068976000184193
word_000209.png,crocs,crocs,0.9852765798568726,True,0,0.0,0.5345243999909144
word_000210.png,SALE,SALE,0.9978866577148438,True,0,0.0,0.5075154000078328
word_000211.png,LIDAY,LIDAY,0.976004421710968,True,0,0.0,0.5576693000039086
word_000212.png,FOR,FOR,0.9999766945838928,True,0,0.0,0.519514599989634
word_000213.png,WEALTH,WEALTH,0.9998767971992493,True,0,0.0,0.5670664999925066
word_000214.png,SALE,SALE,0.9997164607048035,True,0,0.0,0.5301291999930982
word_000215.png,UOB,UOB,0.9996711611747742,True,0,0.0,0.5460179999936372
word_000216.png,THE,THE,0.9999940991401672,True,0,0.0,0.5720885999908205
word_000217.png,EVENT,EVENT,0.9999606013298035,True,0,0.0,0.5297294000047259
word_000218.png,PPING,PPING,0.9998730421066284,True,0,0.0,0.5453579000022728
word_000219.png,GER,AGER,0.9946073293685913,False,1,0.3333333333333333,0.5600564000196755
word_000220.png,Cotton,Cotton,0.9990926384925842,True,0,0.0,0.5506340000138152
word_000221.png,CocaCola,CocaCola,0.9942799210548401,True,0,0.0,0.5661670999834314
word_000222.png,CocaCola,CocaCol,0.9488903284072876,False,1,0.125,0.49347439999110065
word_000223.png,Baby,Baby,0.9999924898147583,True,0,0.0,0.563543700001901
word_000224.png,Food,Food,0.9999284148216248,True,0,0.0,0.5241530000057537
word_000225.png,Diapers,Diapers,0.9999949336051941,True,0,0.0,0.605745900014881
word_000226.png,Milk,Milk,0.9999695420265198,True,0,0.0,0.6072573999990709
word_000227.png,Powder,Powder,0.9999908804893494,True,0,0.0,0.5386544000066351
word_000228.png,MAR,MAR,0.9999573826789856,True,0,0.0,0.547122699994361
word_000229.png,DARUE,DARLIE,0.9658443331718445,False,2,0.4,0.5203277999826241
word_000230.png,cha,char,0.997795045375824,False,1,0.3333333333333333,0.5082936999970116
word_000231.png,Look,Look,0.9999959468841553,True,0,0.0,0.561919100000523
word_000232.png,out,out,0.9999982714653015,True,0,0.0,0.5412455000041518
word_000233.png,for,for,0.9999990463256836,True,0,0.0,0.547191899997415
word_000234.png,next,next,0.9999963641166687,True,0,0.0,0.5144399999990128
word_000235.png,Avenue,Avenue,0.9989438652992249,True,0,0.0,0.5127434000023641
word_000236.png,EXIT,EXIT,0.9999922513961792,True,0,0.0,0.5003183000080753
word_000237.png,Level,Level,0.9999911189079285,True,0,0.0,0.5304802999889944
word_000238.png,Avenue,Avenue,0.996234118938446,True,0,0.0,0.5389945000060834
word_000239.png,CW3/CW4,CW3/CW4,0.9999709725379944,True,0,0.0,0.5022771999938414
word_000240.png,715/717,715/717,0.9999895095825195,True,0,0.0,0.49576159997377545
word_000241.png,PCS,PCS,0.9999859929084778,True,0,0.0,0.5533876999979839
word_000242.png,Bus,Bus,0.9999880790710449,True,0,0.0,0.5438483000034466
word_000243.png,BERTH,BERTH,0.9999950528144836,True,0,0.0,0.5520707000105176
word_000244.png,THANK,THANK,0.999996542930603,True,0,0.0,0.5104902000166476
word_000245.png,FOR,FOR,0.9993298649787903,True,0,0.0,0.51280090000364
word_000246.png,QUEUEING,QUEUEING,0.9997938871383667,True,0,0.0,0.5185980999958701
word_000247.png,YOU,YOU,0.9999539256095886,True,0,0.0,0.5590261000033934
word_000248.png,CW3,CW3,0.9999139904975891,True,0,0.0,0.52225300000282
word_000249.png,MRT,MRT,0.9998974800109863,True,0,0.0,0.5410240000055637
word_000250.png,334,334,0.9999963641166687,True,0,0.0,0.5694054999912623
word_000251.png,Transit,Transit,0.9703370332717896,True,0,0.0,0.5137096999969799
word_000252.png,POSB,POSB,0.9999569654464722,True,0,0.0,0.4947190000093542
word_000253.png,citibank,citibank,0.9547462463378906,True,0,0.0,0.553699999989476
word_000254.png,Doraeman,Doraemon,0.9945195913314819,False,1,0.125,0.5726043999893591
word_000255.png,PUNE CENTAS,PUNE CENTRS,0.9044715762138367,False,1,0.09090909090909091,0.670968599995831
word_000256.png,SALE,SALE,0.9984101057052612,True,0,0.0,0.5388404999976046
word_000257.png,TEMT,TEMT,0.9263980388641357,True,0,0.0,0.5265179000271019
word_000258.png,NOW,NOW,0.9999573826789856,True,0,0.0,0.5408640000096057
word_000259.png,TEMT,TEMT,0.9999424815177917,True,0,0.0,0.5355923000024632
word_000260.png,SINGAPORE,SINGAPORE,0.9999598264694214,True,0,0.0,0.5297374000074342
word_000261.png,CRUISE,CRUISE,0.9554267525672913,True,0,0.0,0.5363808000111021
word_000262.png,MASA,MASA,0.8814558386802673,True,0,0.0,0.521033199998783
word_000263.png,TANGS,TANGS,0.9999901056289673,True,0,0.0,0.5178101999917999
word_000264.png,POST,POST,0.9998112916946411,True,0,0.0,0.5556906000128947
word_000265.png,CHRISTMAS,CHRISTMAS,0.9951090216636658,True,0,0.0,0.5211020999995526
word_000266.png,SALE,SALE,0.9999909400939941,True,0,0.0,0.5478582000068855
word_000267.png,OSIM,OSIM,0.9963949918746948,True,0,0.0,0.5024069999926724
word_000268.png,Say,Say,0.9991615414619446,True,0,0.0,0.5580554000043776
word_000269.png,Love,Love,0.9999934434890747,True,0,0.0,0.506004099996062
word_000270.png,you,you,0.9999898076057434,True,0,0.0,0.5460664999845903
word_000271.png,this,this,0.99997878074646,True,0,0.0,0.5748501000052784
word_000272.png,-70 %,-70%,0.9958681464195251,False,1,0.2,0.5673710999835748
word_000273.png,Garrett,Garrett,0.9979013800621033,True,0,0.0,0.5445357999997213
word_000274.png,DBS,DBS,0.9586221575737,True,0,0.0,0.5155230000091251
word_000275.png,OPEN,OPEN,0.9995808601379395,True,0,0.0,0.5471581000019796
word_000276.png,Parfait,Parfait,0.9999967813491821,True,0,0.0,0.5221885000064503
word_000277.png,ceve,dessert,0.9649469256401062,False,5,1.25,0.5456205999944359
word_000278.png,Tokyo,Takyo,0.9769331216812134,False,1,0.2,0.4946196999808308
word_000279.png,FRUIT,FRUIT,0.9999097585678101,True,0,0.0,0.5804531999747269
word_000280.png,FRESHLY,FRESHLY,0.9999804496765137,True,0,0.0,0.548822700016899
word_000281.png,CUT,CUT,0.99989914894104,True,0,0.0,0.6036588000133634
word_000282.png,LOAVES,LOAVES,0.9999582767486572,True,0,0.0,0.5737642000021879
word_000283.png,ROLLS,ROLLS,0.91993647813797,True,0,0.0,0.5620335999992676
word_000284.png,PASTRIES,PASTRIES,0.9998494386672974,True,0,0.0,0.5813518000068143
word_000285.png,for,for,0.9999971389770508,True,0,0.0,0.5201600999862421
word_000286.png,BUY,BUY,0.9999920725822449,True,0,0.0,0.5490743999835104
word_000287.png,VALUE,VALUE,0.9998354911804199,True,0,0.0,0.5533345000003465
word_000288.png,Fresh,Fresh,0.9747154116630554,True,0,0.0,0.49623749998863786
word_000289.png,"$8,888","$8,888",0.9998511672019958,True,0,0.0,0.49987830000463873
word_000290.png,"$100,000","$100,000",0.9987942576408386,True,0,0.0,0.5286549999727868
word_000291.png,CITY,CITY,0.8920493125915527,True,0,0.0,0.5420850999944378
word_000292.png,SUBWAY,SUBWAY,0.9999861717224121,True,0,0.0,0.542405799991684
word_000293.png,Fashi  g,Fashidming,0.9326655268669128,False,4,0.5,0.5422579000005499
word_000294.png,Exciting,Exciting,0.9997725486755371,True,0,0.0,0.5211748000001535
word_000295.png,Shopping,Shopping,0.9999822378158569,True,0,0.0,0.5202438000123948
word_000296.png,Boerien,Experience,0.9507516622543335,False,5,0.7142857142857143,0.5713279999908991
word_000297.png,GAIN,GAIN,0.8613480925559998,True,0,0.0,0.5312555999844335
word_000298.png,CITY,CITY,0.8963891267776489,True,0,0.0,0.5630603000172414
word_000299.png,MORE,MORE,0.9999772906303406,True,0,0.0,0.5168759999796748
word_000300.png,SHOPS,SHOPS,0.9999610781669617,True,0,0.0,0.5877187000005506
word_000301.png,LEVEL2,LEVEL 2,0.9828372597694397,False,1,0.16666666666666666,0.5185843000072055
word_000302.png,JOHN,JOHN,0.9999631643295288,True,0,0.0,0.5461873000022024
word_000303.png,LITTLE,LITTLE,0.9999642968177795,True,0,0.0,0.49326340001425706
word_000304.png,WAY,WAY,0.999984085559845,True,0,0.0,0.5588985999929719
word_000305.png,YOUR,YOUR,0.9998372793197632,True,0,0.0,0.5609107000054792
word_000306.png,CHO,CHOG,0.9745214581489563,False,1,0.3333333333333333,0.5521569999982603
word_000307.png,JOHN,JOHN,0.9998890161514282,True,0,0.0,0.5815864999894984
word_000308.png,LITTLE,LITTLE,0.9999690055847168,True,0,0.0,0.5535955000086688
word_000309.png,OILETREIES,OILETRIES,0.9978752136230469,False,1,0.1,0.5852932000125293
word_000310.png,EXIT,EXIT,0.9999181032180786,True,0,0.0,0.5598954999877606
word_000311.png,EXIT,EXIT,0.9999538064002991,True,0,0.0,0.5527746999869123
word_000312.png,CHOC,CHOC,0.9997007846832275,True,0,0.0,0.5411840000015218
word_000313.png,SPOT,SPOT,0.9999675750732422,True,0,0.0,0.5475604000093881
word_000314.png,Mouth-watering,touth-watering,0.9448397755622864,False,1,0.07142857142857142,0.649446600000374
word_000315.png,LITTLE,LITTLE,0.99994295835495,True,0,0.0,0.5567129999981262
word_000316.png,JOHN,JOHN,0.999902606010437,True,0,0.0,0.5456787000002805
word_000317.png,Snecks,Snacks,0.931103527545929,False,1,0.16666666666666666,0.544838699977845
word_000318.png,REVLON,REVLON,0.9838976860046387,True,0,0.0,0.5361364999844227
word_000319.png,Chef,Chef,0.9999899864196777,True,0,0.0,0.5240860000194516
word_000320.png,Tony,Tony,0.9999948740005493,True,0,0.0,0.49944690000847913
word_000321.png,Popcorn,Popcorn,0.9999759793281555,True,0,0.0,0.5436534000036772
word_000322.png,Chef,Chef,0.9897736310958862,True,0,0.0,0.5611430999997538
word_000323.png,Tonajs,Tovey's,0.8743627667427063,False,4,0.6666666666666666,0.5044855999876745
word_000324.png,MEE,MEE,0.9999744296073914,True,0,0.0,0.4970566999982111
word_000325.png,JIA,JIA,0.9986111521720886,True,0,0.0,0.5294100999890361
word_000326.png,SARAWAK,SARAWAK,0.999984085559845,True,0,0.0,0.5024774000048637
word_000327.png,KUCHING,KUCHING,0.9999749064445496,True,0,0.0,0.5605301999894436
word_000328.png,KOLO,KOLO,0.9999707937240601,True,0,0.0,0.5445305999892298
word_000329.png,XIANG,XIANG,0.9706007242202759,True,0,0.0,0.5675560999952722
word_000330.png,kolo,kolo,0.9987749457359314,True,0,0.0,0.5812866999767721
word_000331.png,PHOTO,PHOTO,0.9956128001213074,True,0,0.0,0.5263244000088889
word_000332.png,the,the,0.9999982714653015,True,0,0.0,0.5034488999808673
word_000333.png,tastes,tastes,0.9999303817749023,True,0,0.0,0.5465541000012308
word_000334.png,DINING,DINING,0.9999768733978271,True,0,0.0,0.5389482000027783
word_000335.png,flavours,flavours,0.9999540448188782,True,0,0.0,0.5693053999857511
word_000336.png,SUPER,SUPER,0.9999844431877136,True,0,0.0,0.5520305999962147
word_000337.png,FESTIVE,FESTIVE,0.9999869465827942,True,0,0.0,0.604377800016664
word_000338.png,SALE,SALE,0.9999906420707703,True,0,0.0,0.549924099992495
word_000339.png,Cash,Cash,0.9987451434135437,True,0,0.0,0.5847039000072982
word_000340.png,SPEC,SPEC,0.9999476671218872,True,0,0.0,0.554981699999189
word_000341.png,STOREWIDE,STOREWIDE,0.9999501705169678,True,0,0.0,0.5214838999963831
word_000342.png,ORGANI,ORGANI,0.9999809265136719,True,0,0.0,0.532186600001296
word_000343.png,Singapore,Singapore,0.9572157263755798,True,0,0.0,0.5591879999847151
word_000344.png,Reking,Relishing,0.9350318908691406,False,4,0.6666666666666666,0.563213999994332
word_000345.png,the,the,0.9999416470527649,True,0,0.0,0.5341720999858808
word_000346.png,wotso,watso,0.9614481925964355,False,1,0.2,0.5638165999844205
word_000347.png,SALE,SALE,0.9999869465827942,True,0,0.0,0.571691599994665
word_000348.png,your,your,0.9999960660934448,True,0,0.0,0.5513267999922391
word_000349.png,thday,thday,0.9998825192451477,True,0,0.0,0.5594335999921896
word_000350.png,month,month,0.999993622303009,True,0,0.0,0.5331820999854244
word_000351.png,Points,Points,0.9999582767486572,True,0,0.0,0.5633147000044119
word_000352.png,atsons,atsons,0.9999709725379944,True,0,0.0,0.5120244999998249
word_000353.png,Brand,Brand,0.9999924898147583,True,0,0.0,0.5467388000106439
word_000354.png,product,product,0.9998811483383179,True,0,0.0,0.5289077000052202
word_000355.png,Points,Points,0.999917209148407,True,0,0.0,0.5409087000007275
word_000356.png,nett,nett,0.9998889565467834,True,0,0.0,0.5579512999975123
word_000357.png,the,the,0.9999968409538269,True,0,0.0,0.5504521999973804
word_000358.png,tastes,tastes,0.9999502301216125,True,0,0.0,0.5298966999980621
word_000359.png,flavours,flavours,0.9999570846557617,True,0,0.0,0.5211723000102211
word_000360.png,MARINA:SQUARE,MARINA:SQUARE,0.9871628880500793,True,0,0.0,0.7246425000193994
word_000361.png,DINING,DINING,0.9999796748161316,True,0,0.0,0.5786363999941386
word_000362.png,VICHY,VICHY,0.9999829530715942,True,0,0.0,0.5696842999896035
word_000363.png,Appetite,Appetite.,0.9710994362831116,False,1,0.125,0.4986952999897767
word_000364.png,Dining,Dining,0.9999155402183533,True,0,0.0,0.5283364000206348
word_000365.png,Eailian,Edilion,0.9953969120979309,False,2,0.2857142857142857,0.573277399991639
word_000366.png,EXIT,EXIT,0.9991410374641418,True,0,0.0,0.5787323999975342
word_000367.png,TEN,belt ,0.44435223937034607,False,5,1.6666666666666667,0.5421575999935158
word_000368.png,TAGHeuer,TAGHeuer,0.9979727268218994,True,0,0.0,0.5095053999975789
word_000369.png,Pan,Pan,0.9999755024909973,True,0,0.0,0.5233212000166532
word_000370.png,Hotel,Hotel,0.9999873042106628,True,0,0.0,0.5453540000016801
word_000371.png,Suntec,Sunted,0.9745678305625916,False,1,0.16666666666666666,0.5446274999994785
word_000372.png,Convention,Convention,0.9999927282333374,True,0,0.0,0.5302338000037707
word_000373.png,Pacific,Pacific,0.9999122023582458,True,0,0.0,0.5047776999999769
word_000374.png,Centre,Centre,0.9999852180480957,True,0,0.0,0.4952927000122145
word_000375.png,LONGINES,TONGINES,0.9921678304672241,False,1,0.125,0.5673611999955028
word_000376.png,SALE,SALE,0.9999809265136719,True,0,0.0,0.573076000000583
word_000377.png,SALE,SALE,0.9996651411056519,True,0,0.0,0.5644775000109803
word_000378.png,sale,sle,0.8161137700080872,False,1,0.25,0.5622780000267085
word_000379.png,sale,sale,0.9985171556472778,True,0,0.0,0.49994219999643974
word_000380.png,DINING,DINING,0.9999814033508301,True,0,0.0,0.520079399982933
word_000381.png,EDITION,EDITION,0.9368048906326294,True,0,0.0,0.5559229000064079
word_000382.png,MARINA:SQUARE,MARINA:SQUARE,0.9985263347625732,True,0,0.0,0.5344298999989405
word_000383.png,the,tN,0.8779789209365845,False,2,0.6666666666666666,0.5311970000038855
word_000384.png,EXIT,EXIT,0.9995388984680176,True,0,0.0,0.521680900012143
word_000385.png,Jollibean,Jollibean,0.9999411702156067,True,0,0.0,0.5779854000138585
word_000386.png,Make,Make,0.9999804496765137,True,0,0.0,0.516762999992352
word_000387.png,your,your,0.9999960660934448,True,0,0.0,0.5255068999831565
word_000388.png,healthier,healthier,0.9998960494995117,True,0,0.0,0.5603063000016846
word_000389.png,soymilk,soymilk,0.9972764253616333,True,0,0.0,0.5551104999904055
word_000390.png,everyday!,everyday!,0.9999745488166809,True,0,0.0,0.5732225000101607
word_000391.png,MORE,MORE,0.9999719858169556,True,0,0.0,0.5820860999810975
word_000392.png,SHOPS,SHOPS,0.9999858736991882,True,0,0.0,0.5253947000019252
word_000393.png,AHEAD,AHEAD,0.9999507069587708,True,0,0.0,0.5984302000142634
word_000394.png,OPS,OPS,0.9985368251800537,True,0,0.0,0.5498291999974754
word_000395.png,STARBUCKS,STARBUCKS,0.9999796748161316,True,0,0.0,0.6329469999764115
word_000396.png,COFFEE,COFFEE,0.9999871850013733,True,0,0.0,0.5484651000006124
word_000397.png,Refishing,Relishing,0.9951396584510803,False,1,0.1111111111111111,0.505747400020482
word_000398.png,the,the,0.9999988079071045,True,0,0.0,0.5050888000114355
word_000399.png,tastes,tastes,0.9822161197662354,True,0,0.0,0.5780680000025313
word_000400.png,CARE,"Hoane, Phia Pan STaAC CAFE",0.7070326209068298,False,23,5.75,0.8068515000049956
word_000401.png,BURGER,BURGER,0.9997921586036682,True,0,0.0,0.5394617000129074
word_000402.png,KING,KING,0.9998558759689331,True,0,0.0,0.553687000006903
word_000403.png,"Beanstro,","Beanstro,",0.999470055103302,True,0,0.0,0.5594929000071716
word_000404.png,BURGER,BURGER,0.9998774528503418,True,0,0.0,0.5368163999810349
word_000405.png,KING,KING,0.9999914169311523,True,0,0.0,0.5173588000179734
word_000406.png,KFC,KFC,0.9999554753303528,True,0,0.0,0.5497633999912068
word_000407.png,Edition,Edition,0.9958468675613403,True,0,0.0,0.519456399983028
word_000408.png,Dining,Dining,0.996793270111084,True,0,0.0,0.5633456000068691
word_000409.png,Mandarin,Mandarin,0.9996515512466431,True,0,0.0,0.5058707999996841
word_000410.png,Hotel,Hotel,0.9983871579170227,True,0,0.0,0.5631924000044819
word_000411.png,The,The,0.9999940395355225,True,0,0.0,0.6225152999977581
word_000412.png,Marina,Marina,0.999563992023468,True,0,0.0,0.5498323000210803
word_000413.png,TAGHeuer,TAGHeuer,0.9976944923400879,True,0,0.0,0.5890176999964751
word_000414.png,Marina,Marina,0.9998922348022461,True,0,0.0,0.5581072999921162
word_000415.png,Link,Link,0.9993056058883667,True,0,0.0,0.5609335000044666
word_000416.png,MRT,MRT,0.8308194279670715,True,0,0.0,0.5943949999928009
word_000417.png,cro,cro,0.9996303915977478,True,0,0.0,0.5215223999985028
word_000418.png,TAGHeuer,TAGHeuer,0.9984095692634583,True,0,0.0,0.5839757000212558
word_000419.png,CRACK,CRACK,0.9998592138290405,True,0,0.0,0.5616014999977779
word_000420.png,UNDER,UNDER,0.9998882412910461,True,0,0.0,0.5734958999964874
word_000421.png,#DONT,#DONT,0.9981142282485962,True,0,0.0,0.5399332000233699
word_000422.png,TAGH,TAGHE,0.9837401509284973,False,1,0.25,0.5849640000087675
word_000423.png,JAG,TG,0.967381477355957,False,2,0.6666666666666666,0.5241983000014443
word_000424.png,HEUER,HEUER,0.9820586442947388,True,0,0.0,0.5459988999937195
word_000425.png,GEOX,GEOX,0.999973475933075,True,0,0.0,0.5814361000084318
word_000426.png,GEOX,GEOX,0.9996051788330078,True,0,0.0,0.5808339999930467
word_000427.png,SALE,SALE,0.9991759061813354,True,0,0.0,0.5832412999880034
word_000428.png,BRAND,BRAND,0.999995231628418,True,0,0.0,0.5652645999798551
word_000429.png,SHOPPING,SHOPPING,0.9999871850013733,True,0,0.0,0.5721270999929402
word_000430.png,WING,WING,0.9999951124191284,True,0,0.0,0.5567938000021968
word_000431.png,NEW,NEW,0.9999809265136719,True,0,0.0,0.5958792000019457
word_000432.png,OUT,OUT,0.9999828338623047,True,0,0.0,0.579511400021147
word_000433.png,AND,AND,0.999988853931427,True,0,0.0,0.6020399999979418
word_000434.png,OPTIONS,OPTIONS,0.9999877214431763,True,0,0.0,0.5565686000045389
word_000435.png,YOUR,YOUR,0.9999786615371704,True,0,0.0,0.5547454000043217
word_000436.png,WAY,WAY,0.9999874234199524,True,0,0.0,0.5696697999956086
word_000437.png,AIL,AIL,0.999949038028717,True,0,0.0,0.5675403000204824
word_000438.png,MARKS&,MARKS&,0.9982106685638428,True,0,0.0,0.6027229000173975
word_000439.png,SPENCER,SPENCER,0.9957427978515625,True,0,0.0,0.5832677999860607
word_000440.png,OFF,OFF,0.9970784783363342,True,0,0.0,0.5645458000071812
word_000441.png,diverse,diverse,0.9834860563278198,True,0,0.0,0.5331831999938004
word_000442.png,tastes,tastes,0.9999217987060547,True,0,0.0,0.5697036000201479
word_000443.png,flavours,flavours,0.9785295724868774,True,0,0.0,0.5722099000122398
word_000444.png,the,the,0.9999982714653015,True,0,0.0,0.5486508999892976
word_000445.png,Refishing,Relishing,0.9997156858444214,False,1,0.1111111111111111,0.5745777999982238
word_000446.png,DINING,DINING,0.9998717308044434,True,0,0.0,0.5881040999956895
word_000447.png,DINING,DINING,0.9877046942710876,True,0,0.0,0.5727447999815922
word_000448.png,SALE,SALE,0.999984860420227,True,0,0.0,0.5164250999805517
word_000449.png,MARC,MARC,0.9998272657394409,True,0,0.0,0.4954944999772124
word_000450.png,ST.MARC,ST.MARC,0.9999862313270569,True,0,0.0,0.5267064999789
word_000451.png,CAFE,CAFE,0.9579567313194275,True,0,0.0,0.5627155000111088
word_000452.png,EXIT,EXIT,0.999988317489624,True,0,0.0,0.5255891999986488
word_000453.png,ANGKOK,ANGKOK,0.9894294142723083,True,0,0.0,0.5098397000110708
word_000454.png,KOK,KOK,0.9866275787353516,True,0,0.0,0.5207066999864765
word_000455.png,ABUR,ABUR,0.999961256980896,True,0,0.0,0.5705890000099316
word_000456.png,PATH,PATH,0.9766402840614319,True,0,0.0,0.5695319000224117
word_000457.png,CHAT,CHAT,0.9996399283409119,True,0,0.0,0.48971729999175295
word_000458.png,END,END,0.9999942779541016,True,0,0.0,0.5220529999933206
word_000459.png,MILE,MILE,0.9999281167984009,True,0,0.0,0.5257073999964632
word_000460.png,SPEED,SPEED,0.9999868273735046,True,0,0.0,0.5029997000237927
word_000461.png,gels,gels,0.9993321299552917,True,0,0.0,0.5485900999919977
word_000462.png,aigonLotus,algonLotuf,0.9406507611274719,False,2,0.2,0.552834600006463
word_000463.png,Marina,Marina,0.9999874234199524,True,0,0.0,0.5256184000172652
word_000464.png,MRT,MRT,0.9999933242797852,True,0,0.0,0.5121014000033028
word_000465.png,Station,Station),0.9907102584838867,False,1,0.14285714285714285,0.5380036999995355
word_000466.png,Link,Link,0.9999716281890869,True,0,0.0,0.5329442999791354
word_000467.png,MARINA,MARINA,0.9958202838897705,True,0,0.0,0.6825247000087984
word_000468.png,LINK,LIKK,0.7515402436256409,False,1,0.25,0.5237702000013087
word_000469.png,PARTI,PARTI,0.9950520396232605,True,0,0.0,0.5582918000000063
word_000470.png,PLAN,PLAP,0.8504719138145447,False,1,0.25,0.570820900000399
word_000471.png,@B1,@B1,0.9983823895454407,True,0,0.0,0.5625570999982301
word_000472.png,MARINA,MARINA,0.9999535083770752,True,0,0.0,0.5034764999873005
word_000473.png,More,More,0.9999938011169434,True,0,0.0,0.5195700000040233
word_000474.png,MARINA,MARINA,0.9997507929801941,True,0,0.0,0.563278799992986
word_000475.png,LINK,LINK,0.998086154460907,True,0,0.0,0.5553653000097256
word_000476.png,SQUARE,SQUARE,0.9975892901420593,True,0,0.0,0.5639197000127751
word_000477.png,Shopping,Shopping,0.9999799728393555,True,0,0.0,0.5251137999875937
word_000478.png,&Dining!,& Dining!,0.9759308695793152,False,1,0.125,0.5662044000055175
word_000479.png,Link,Link,0.9999969005584717,True,0,0.0,0.5223737999913283
word_000480.png,"B1,",B1,0.9999762773513794,False,1,0.3333333333333333,0.547414700005902
word_000481.png,dining,dining,0.9999985694885254,True,0,0.0,0.557764999975916
word_000482.png,options,options,0.9999949336051941,True,0,0.0,0.5093911000003573
word_000483.png,shopping,shopping,0.999997615814209,True,0,0.0,0.5097807999991346
word_000484.png,More,More,0.9999967813491821,True,0,0.0,0.5215029000246432
word_000485.png,Marina,Marina,0.9999927878379822,True,0,0.0,0.5335780000023078
word_000486.png,This,This,0.9999982714653015,True,0,0.0,0.5724556999921333
word_000487.png,way,way,0.9999971389770508,True,0,0.0,0.5225618999975268
word_000488.png,Esplanade,Esplanade,0.9999858140945435,True,0,0.0,0.5345397999917623
word_000489.png,Station,Station,0.9999831914901733,True,0,0.0,0.5023693999974057
word_000490.png,MARINA:,MARINA:,0.9998539686203003,True,0,0.0,0.5576924000051804
word_000491.png,SQUARE,SQUARE,0.9999375343322754,True,0,0.0,0.5217829000030179
word_000492.png,LOVE,LOVE,0.9994243383407593,True,0,0.0,0.5472358999832068
word_000493.png,Organto,Organia,0.866168200969696,False,2,0.2857142857142857,0.5214741000090726
word_000494.png,LOVE,LOVE,0.9999192953109741,True,0,0.0,0.5062897999887355
word_000495.png,STEP,STEP,0.9999762773513794,True,0,0.0,0.5791082000068855
word_000496.png,CHOOSE,CHOOSE,0.9999777674674988,True,0,0.0,0.5306436000100803
word_000497.png,YOUR,YOUR,0.9999836683273315,True,0,0.0,0.5639695000136271
word_000498.png,TOPPINGS,TOPPINGS,0.9999547600746155,True,0,0.0,0.5773312000092119
word_000499.png,ORO,ORO,0.9971173405647278,True,0,0.0,0.5358683000085875
word_000500.png,DEFY,DEFY,0.9999830722808838,True,0,0.0,0.597752399975434
word_000501.png,EMPIRE,EMFIRE,0.9366941452026367,False,1,0.16666666666666666,0.604851600015536
word_000502.png,DEFY,DEFY,0.9999803900718689,True,0,0.0,0.5527451999951154
word_000503.png,ENA E,EMPLE,0.8604119420051575,False,3,0.6,0.5655137999856379
word_000504.png,Gold,Gold,0.9998100996017456,True,0,0.0,0.53915880000568
word_000505.png,CLASS,CLASS,0.999311625957489,True,0,0.0,0.5992786000133492
word_000506.png,East,East,0.9999716281890869,True,0,0.0,0.6211051999998745
word_000507.png,VILLAGE,VILLAGE,0.978789210319519,True,0,0.0,0.6154804000107106
word_000508.png,Wing,"Wing,",0.9465681314468384,False,1,0.25,0.530433300009463
word_000509.png,GOLDEN,GOLDEN,0.9977720379829407,True,0,0.0,0.5839403999852948
word_000510.png,Level 3,Level3,0.999850332736969,False,1,0.14285714285714285,0.5361200000043027
word_000511.png,next,next,0.9999498128890991,True,0,0.0,0.5857627000077628
word_000512.png,GOLD,GOLD,0.9999617338180542,True,0,0.0,0.5818755000072997
word_000513.png,HABA,HABA,0.999992847442627,True,0,0.0,0.569820200005779
word_000514.png,grab,grab,0.9999630451202393,True,0,0.0,0.5901595000177622
word_000515.png,#GVSuntecCity,#GVSuntecCity,0.9795799851417542,True,0,0.0,0.5475352999928873
word_000516.png,LUSH,LUSH,0.999114990234375,True,0,0.0,0.556702400004724
word_000517.png,SALE,SALE,0.999994158744812,True,0,0.0,0.565304699994158
word_000518.png,SAL,SAL,0.9999086856842041,True,0,0.0,0.5670454000064638
word_000519.png,SALE,SALE,0.999994158744812,True,0,0.0,0.5590847999847028
word_000520.png,sale,sale,0.999659538269043,True,0,0.0,0.5276647999999113
word_000521.png,H&M,HM,0.9949184060096741,False,1,0.3333333333333333,0.5343112999980804
word_000522.png,FINAL,FINAL,0.9999645948410034,True,0,0.0,0.5009418999834452
word_000523.png,SALE,SALE,0.9999792575836182,True,0,0.0,0.5710308999987319
word_000524.png,FINAL,FINAL,0.9999889135360718,True,0,0.0,0.5582926000060979
word_000525.png,SAL,SAL,0.9999945759773254,True,0,0.0,0.569489399989834
word_000526.png,FINAL,FINAL,0.9999873042106628,True,0,0.0,0.5171086000045761
word_000527.png,FARN,FARN,0.9094973802566528,True,0,0.0,0.5267959000193514
word_000528.png,SWEATS,SWEATS,0.9996567368507385,True,0,0.0,0.5158838000206742
word_000529.png,COMFORTABLE,COMFORTABLE,0.9999004602432251,True,0,0.0,0.5194603000127245
word_000530.png,YERSATIUITT,VERSATILITY,0.9565296769142151,False,3,0.2727272727272727,0.5529188000073191
word_000531.png,DEFINED,DEFINED,0.9999787211418152,True,0,0.0,0.5128055000095628
word_000532.png,HARA,MAREA,0.8058487176895142,False,2,0.5,0.5605806999956258
word_000533.png,FOSSIL,FOSSIL,0.9992281794548035,True,0,0.0,0.5584177999990061
word_000534.png,UNI,UNI,0.9987737536430359,True,0,0.0,0.5367983999894932
word_000535.png,QLO,QLO,0.9927998185157776,True,0,0.0,0.5587203000031877
word_000536.png,SELANGOR,SELANGOR,0.999600887298584,True,0,0.0,0.5135669000155758
word_000537.png,TISSOT,TISSOT,0.9999552369117737,True,0,0.0,0.520306199992774
word_000538.png,TISSOT,TISSOT,0.9999353289604187,True,0,0.0,0.5197403999918606
word_000539.png,Robert,Robert,0.9999973773956299,True,0,0.0,0.5127343999920413
word_000540.png,Timms,Timms,0.9999758005142212,True,0,0.0,0.5223483000008855
word_000541.png,Robert,Robert,0.9989210963249207,True,0,0.0,0.5422758999920916
word_000542.png,Timms,Timms,0.9981163144111633,True,0,0.0,0.5220922000007704
word_000543.png,SINCERE,SINCERE,0.9999564290046692,True,0,0.0,0.5515948999964166
word_000544.png,ESPRIT,ESPRIT,0.9959874153137207,True,0,0.0,0.49683340001502074
word_000545.png,Enjoy,Enjoy,0.9999743700027466,True,0,0.0,0.6171142999955919
word_000546.png,great,great,0.9999099969863892,True,0,0.0,0.5496855999808758
word_000547.png,deals,deals,0.9999925494194031,True,0,0.0,0.5417404999898281
word_000548.png,privileges,privileges.,0.9849429726600647,False,1,0.1,0.4863080999930389
word_000549.png,Suntec,Suntec,0.9999709725379944,True,0,0.0,0.5693429999810178
word_000550.png,exciting,exciting,0.9929971694946289,True,0,0.0,0.5348025000130292
word_000551.png,SINCERE,SINCERE,0.9997249841690063,True,0,0.0,0.5773391000111587
word_000552.png,City,City,0.9999873042106628,True,0,0.0,0.584479300014209
word_000553.png,that,that,0.999971330165863,True,0,0.0,0.6264147000038065
word_000554.png,gives,gives,0.9999648928642273,True,0,0.0,0.5948786000080872
word_000555.png,you,you,0.9929210543632507,True,0,0.0,0.5404362000117544
word_000556.png,SALE,SALE,0.9999966621398926,True,0,0.0,0.5484179999912158
word_000557.png,FURTHER,FURTHER,0.9993588328361511,True,0,0.0,0.5355138000159059
word_000558.png,REDUCTIONS,REDUCTIONS,0.9691282510757446,True,0,0.0,0.5624072999926284
word_000559.png,GIORDAN,GIORDAN,0.9998806715011597,True,0,0.0,0.5609201999905054
word_000560.png,GAP,GAP,0.9999620318412781,True,0,0.0,0.5290232999832369
word_000561.png,OFF,OFF,0.9998752474784851,True,0,0.0,0.552478900004644
word_000562.png,OFF,OFF,0.9992405772209167,True,0,0.0,0.5217607000085991
word_000563.png,COM,COM,0.999687671661377,True,0,0.0,0.5610221000097226
word_000564.png,GIORDANO,GIORDANO,0.9999087452888489,True,0,0.0,0.5242712000035681
word_000565.png,sale,SALE,0.9996702671051025,False,4,1.0,0.53947699998389
word_000566.png,cafes,Cafes,0.99986332654953,False,1,0.2,0.5633614000107627
word_000567.png,and,and,0.9999987483024597,True,0,0.0,0.5642072999908123
word_000568.png,Restaurants,Restaurants,0.9999870657920837,True,0,0.0,0.5256850000005215
word_000569.png,shops,"Shops,",0.9986539483070374,False,2,0.4,0.5590806000109296
word_000570.png,food,Food,0.999782919883728,False,1,0.25,0.51423510001041
word_000571.png,more,More,0.9999861121177673,False,1,0.25,0.5099148000008427
word_000572.png,republic,Republic,0.9999816417694092,False,1,0.125,0.5093957000062801
word_000573.png,giant,Giant,0.9357150197029114,False,1,0.2,0.5593470000021625
word_000574.png,hyperfresh,Hyperfresh,0.9999831914901733,False,1,0.1,0.510318799992092
word_000575.png,fountain,Fountain,0.9997596740722656,False,1,0.125,0.5370125999907032
word_000576.png,suntec,Suntec,0.9999675750732422,False,1,0.16666666666666666,0.5066944000136573
word_000577.png,Money,Money,0.9999061822891235,True,0,0.0,0.5611572999914642
word_000578.png,Chang,Chan,0.9985036849975586,False,1,0.2,0.5218364000029396
word_000579.png,office,Office,0.999856173992157,False,1,0.16666666666666666,0.5606203000061214
word_000580.png,SALE,SALE,0.9998446702957153,True,0,0.0,0.5634628999978304
word_000581.png,SALE,SALE,0.9989051818847656,True,0,0.0,0.5452135999803431
word_000582.png,COTTON,COTTON,0.999926745891571,True,0,0.0,0.5654773999995086
word_000583.png,new,NEW,0.9947473406791687,False,3,1.0,0.5637248000130057
word_000584.png,NOW,NOW,0.9966292381286621,True,0,0.0,0.5557836000225507
word_000585.png,dining,dining.,0.9929192662239075,False,1,0.16666666666666666,0.564879799989285
word_000586.png,and,and,0.9999986290931702,True,0,0.0,0.5437897999945562
word_000587.png,continues,continues,0.952509880065918,True,0,0.0,0.519366299995454
word_000588.png,shopping,shopping,0.9999936819076538,True,0,0.0,0.5564088000101037
word_000589.png,remaking,remaking,0.9999877214431763,True,0,0.0,0.5320941999962088
word_000590.png,city,City,0.9951671361923218,False,1,0.25,0.5647173999750521
word_000591.png,you,you,0.9999797344207764,True,0,0.0,0.5218614999903366
word_000592.png,for,for,0.9999968409538269,True,0,0.0,0.5067177999881096
word_000593.png,your,your,0.9999690651893616,True,0,0.0,0.5090389999968465
word_000594.png,support,support.,0.9817922711372375,False,1,0.14285714285714285,0.560039300005883
word_000595.png,SPECIAL,SPECIAL,0.9996221661567688,True,0,0.0,0.5105534000031184
word_000596.png,robinsons,ROBINSONS,0.9999552965164185,False,9,1.0,0.5113090999948326
word_000597.png,SK-II,SKII,0.933677077293396,False,1,0.2,0.5418284999905154
word_000598.png,SINCLARE,SKINCARE,0.9998862743377686,False,2,0.25,0.5240929999854416
word_000599.png,raffles,Raffles,0.9999811053276062,False,1,0.14285714285714285,0.49315359999309294
word_000600.png,City,City,0.9999737739562988,True,0,0.0,0.5147084000054747
word_000601.png,ROBINSONS,ROBINSONS,0.9914610981941223,True,0,0.0,0.5324264999944717
word_000602.png,THT,THSOT,0.8179610371589661,False,2,0.6666666666666666,0.5530581000202801
word_000603.png,MARKET,MARKET,0.9999858736991882,True,0,0.0,0.5453020999848377
word_000604.png,PLACE,PLACE,0.9999173879623413,True,0,0.0,0.5393853000132367
word_000605.png,cierge,CIERGE,0.9980947971343994,False,6,1.0,0.49976950002019294
word_000606.png,BRITISH,BRITISH,0.9591902494430542,True,0,0.0,0.5469806000182871
word_000607.png,SACOOR,SACOOR,0.9995541572570801,True,0,0.0,0.5675371000252198
word_000608.png,BRITISH,BRITISH,0.9998354315757751,True,0,0.0,0.6249493000213988
word_000609.png,SHOPS,SHOPS,0.9988834261894226,True,0,0.0,0.5654033999890089
word_000610.png,jacobs,JACOBS,0.9999356865882874,False,6,1.0,0.5155465000134427
word_000611.png,SALE,SALE,0.9999894499778748,True,0,0.0,0.5673022999835666
word_000612.png,BRITISH,BRITISH,0.9999465942382812,True,0,0.0,0.5114917000173591
word_000613.png,MARC,MARC,0.9999734163284302,True,0,0.0,0.5304110999859404
word_000614.png,INDIA,INDIA,0.9996300935745239,True,0,0.0,0.5038564999995288
word_000615.png,SALE,SALF,0.9056588411331177,False,1,0.25,0.5158247000072151
word_000616.png,RESTAURANTS,RESTAURANTS,0.917589545249939,True,0,0.0,0.4949157000228297
word_000617.png,RAFFLES,EAFFLES,0.8734002113342285,False,1,0.14285714285714285,0.5166696000087541
word_000618.png,SALE,SALE,0.9997649192810059,True,0,0.0,0.5050586999859661
word_000619.png,BRITISH,BRITISH,0.9994071125984192,True,0,0.0,0.553399399999762
word_000620.png,dont,DONT,0.9393979907035828,False,4,1.0,0.5547274999844376
word_000621.png,panic,PANIC,0.9675297737121582,False,5,1.0,0.5205396999954246
word_000622.png,place,PLACE,0.9993778467178345,False,5,1.0,0.5579660999937914
word_000623.png,bright,SMR,0.32826146483421326,False,6,1.0,0.5814826000132598
word_000624.png,RKET,RKET,0.9999485015869141,True,0,0.0,0.5145290000073146
word_000625.png,WALK,AVTY,0.4474068582057953,False,4,1.0,0.49428569999872707
word_000626.png,JACOBS,JACOBS,0.999954879283905,True,0,0.0,0.49349249998340383
word_000627.png,MARC,MARC,0.9999420046806335,True,0,0.0,0.5311667999776546
word_000628.png,MARC,MARC,0.9999827146530151,True,0,0.0,0.5037345000018831
word_000629.png,brothers,brothers,0.9999897480010986,True,0,0.0,0.5737098999961745
word_000630.png,DIA,,0.0,False,3,1.0,0.5641297000111081
word_000631.png,desigual,Deaigual,0.9515402913093567,False,2,0.25,0.5228638999979012
word_000632.png,desigual,Deeigual.,0.933791995048523,False,3,0.375,0.4718202000076417
word_000633.png,alluti,ALLUTI,0.6945369839668274,False,6,1.0,0.5580884999944828
word_000634.png,Further,Further,0.9999485015869141,True,0,0.0,0.5091828999866266
word_000635.png,tions,stions,0.9150058627128601,False,1,0.2,0.54284040001221
word_000636.png,PRECIOUS,PRECIOUS,0.9999387264251709,True,0,0.0,0.5636789999844041
word_000637.png,THOTS,THOTS,0.9133297204971313,True,0,0.0,0.5599892000027467
word_000638.png,SUSHI,SUSHI,0.7971045970916748,True,0,0.0,0.5639604000025429
word_000639.png,sushi,SUSHI,0.9998974800109863,False,5,1.0,0.5318081000004895
word_000640.png,the,Thate,0.525812566280365,False,3,1.0,0.5440740000049118
word_000641.png,kimmic,kimmic,0.9994230270385742,True,0,0.0,0.5193100000033155
word_000642.png,precious,PRECIOUS,0.9245311617851257,False,8,1.0,0.5164760999905411
word_000643.png,place,pace,0.7508634328842163,False,1,0.2,0.5559961999824736
word_000644.png,Noodles,Noodles,0.9965236783027649,True,0,0.0,0.5004802999901585
word_000645.png,PONTIAN,PONTIAN,0.9997175335884094,True,0,0.0,0.5097580000001471
word_000646.png,Wanton,Wanton,0.9975593090057373,True,0,0.0,0.533047600009013
word_000647.png,OPE,OPEII,0.9357735514640808,False,2,0.6666666666666666,0.5005109999910928
word_000648.png,EARLY,EARLY,0.9999281167984009,True,0,0.0,0.5013410999963526
word_000649.png,OPENS,OPENS,0.9999631643295288,True,0,0.0,0.5439519000065047
word_000650.png,toast,toast,0.9999489784240723,True,0,0.0,0.5495290000108071
word_000651.png,DAILY,DAILY,0.9999567866325378,True,0,0.0,0.5190858000132721
word_000652.png,and,and,0.9999814033508301,True,0,0.0,0.5416544999752659
word_000653.png,your,your,0.9998486042022705,True,0,0.0,0.5510107000009157
word_000654.png,important,injportant,0.957105815410614,False,2,0.2222222222222222,0.5538566000177525
word_000655.png,food,food,0.9691246151924133,True,0,0.0,0.570436800015159
word_000656.png,place,olace,0.7717377543449402,False,1,0.2,0.5340866000042297
word_000657.png,GIVE,GIVE,0.9999310970306396,True,0,0.0,0.532271000003675
word_000658.png,YOUR,YOUR,0.9999872446060181,True,0,0.0,0.5271085999847855
word_000659.png,BOOS,BOOS,0.9871242642402649,True,0,0.0,0.5633211999956984
word_000660.png,such,such,0.9998438358306885,True,0,0.0,0.4928747000230942
word_000661.png,Hoon,Hoon,0.991878867149353,True,0,0.0,0.532275200006552
word_000662.png,Fried,Fred,0.953149676322937,False,1,0.2,0.49211510000168346
word_000663.png,meal,meal,0.9997640252113342,True,0,0.0,0.5667197000002488
word_000664.png,most,most,0.9973406195640564,True,0,0.0,0.6165542000089772
word_000665.png,EARLY,EARLY,0.9999836683273315,True,0,0.0,0.5635650999902282
word_000666.png,OPEN,OPEN,0.9999961853027344,True,0,0.0,0.5749214000243228
word_000667.png,WORK,01,0.24997279047966003,False,4,1.0,0.5295455000014044
word_000668.png,toast,loast,0.9315212965011597,False,1,0.2,0.5172910000255797
word_000669.png,OPENS,OPENS,0.9999932050704956,True,0,0.0,0.5661567999923136
word_000670.png,place,place,0.9997750520706177,True,0,0.0,0.5734483000123873
word_000671.png,food,HOC,0.5565712451934814,False,4,1.0,0.528125499986345
word_000672.png,the,the,0.9995144009590149,True,0,0.0,0.5275779999792576
word_000673.png,Copper,Copper,0.9998900294303894,True,0,0.0,0.48070189999998547
word_000674.png,chimney,Chimmey,0.7977128028869629,False,2,0.2857142857142857,0.5275728999986313
word_000675.png,Copper,Copper,0.9938443303108215,True,0,0.0,0.5421653000230435
word_000676.png,Chimney,Chimney,0.9174053072929382,True,0,0.0,0.5286323000036646
word_000677.png,NORTH,NORTH,0.9999639391899109,True,0,0.0,0.5544459999946412
word_000678.png,INDIAN,INDIAN,0.9989149570465088,True,0,0.0,0.49053619999904186
word_000679.png,CUISINE,CUISINE,0.9995862245559692,True,0,0.0,0.5701232999854255
word_000680.png,EXPRESS,EXPRESS,0.9999361634254456,True,0,0.0,0.517338200006634
word_000681.png,SKECHER,SKECHER,0.9999494552612305,True,0,0.0,0.5110940999875311
word_000682.png,2015,2015,0.9935628175735474,True,0,0.0,0.5773856000159867
word_000683.png,SONS,SONS,0.9866226315498352,True,0,0.0,0.5326693000097293
word_000684.png,FOX,FOK,0.927017867565155,False,1,0.3333333333333333,0.5594700999790803
word_000685.png,GRACIOUS,GRACIOUS,0.9996966123580933,True,0,0.0,0.5293998999986798
word_000686.png,LVER,IVER`,0.8359056711196899,False,2,0.5,0.5314577000099234
word_000687.png,sale,sale,0.9942947626113892,True,0,0.0,0.5514893000072334
word_000688.png,CEDELE,CEDELE,0.9999880194664001,True,0,0.0,0.49381300000823103
word_000689.png,COURT,COURT,0.9999906420707703,True,0,0.0,0.5031862999894656
word_000690.png,ECHUAN,ECHUAN,0.9956095218658447,True,0,0.0,0.5088571999804117
word_000691.png,MIKUNI,MIKUNI,0.9999768137931824,True,0,0.0,0.5547215999977197
word_000692.png,MAHARANI,MAHARANI,0.9999611973762512,True,0,0.0,0.5151942000084091
word_000693.png,SAHI,SHAHI,0.9278057813644409,False,1,0.25,0.5116639000189025
word_000694.png,CARPETS,CARPETS,0.999993622303009,True,0,0.0,0.5058179999759886
word_000695.png,STERN,USTERN,0.8709380626678467,False,1,0.2,0.5464253000100143
word_000696.png,BEAUTY,BEAUTY,0.9580690264701843,True,0,0.0,0.5154617000080179
word_000697.png,SOL,DUSOL,0.9948476552963257,False,2,0.6666666666666666,0.5566638000018429
word_000698.png,MOVE.,POT,0.5282172560691833,False,4,0.8,0.5506797000125516
word_000699.png,NOURISH,SO,0.47576481103897095,False,6,0.8571428571428571,0.5139460999926087
word_000700.png,BELIEVE,PE,0.5137836933135986,False,6,0.8571428571428571,0.5001884000084829
word_000701.png,SALE,ST,0.6730177402496338,False,3,0.75,0.561678900005063
word_000702.png,Start,Start,0.9999938011169434,True,0,0.0,0.5589003000059165
word_000703.png,earning,earning,0.976789653301239,True,0,0.0,0.5686670000141021
word_000704.png,STARS,STARS,0.9948683977127075,True,0,0.0,0.5508796000212897
word_000705.png,top,top,0.9998490214347839,True,0,0.0,0.5292249000049196
word_000706.png,all,all,0.9999839663505554,True,0,0.0,0.5143222000042442
word_000707.png,ROBINSO,ROBINSO,0.9998220205307007,True,0,0.0,0.4961219000106212
word_000708.png,giordano,giordano,0.9887881875038147,True,0,0.0,0.5597773999907076
word_000709.png,ladies,ladies,0.9997732043266296,True,0,0.0,0.5622730999893975
word_000710.png,SPENC,SPENC,0.9212061762809753,True,0,0.0,0.56291449998389
word_000711.png,TOPMAN,TOPMAN,0.9999712109565735,True,0,0.0,0.5319459000020288
word_000712.png,TOPSHOP,FOPSHOP,0.9534822702407837,False,1,0.14285714285714285,0.564285700005712
word_000713.png,MANY,MANY,0.9999760389328003,True,0,0.0,0.5189432000042871
word_000714.png,ITEMS,ITEMS,0.9998739957809448,True,0,0.0,0.575207899993984
word_000715.png,OFF,OF0,0.47532621026039124,False,1,0.3333333333333333,0.5508419999969192
word_000716.png,latu  e,latule,0.9014830589294434,False,2,0.2857142857142857,0.5264999000064563
word_000717.png,CAP,Cnr,0.8104551434516907,False,2,0.6666666666666666,0.5454734999802895
word_000718.png,CAFE,CAFÉ,0.9631242752075195,False,1,0.25,0.528723399998853
word_000719.png,USE,USE,0.9999802708625793,True,0,0.0,0.5706147999735549
word_000720.png,G20,G200,0.9523570537567139,False,1,0.3333333333333333,0.5856351999973413
word_000721.png,SALE,SALE,0.9970374703407288,True,0,0.0,0.6150391999981366
word_000722.png,SALE,SALE,0.9999829530715942,True,0,0.0,0.5870969999814406
word_000723.png,SALE,SALE,0.9986890554428101,True,0,0.0,0.5580639999825507
word_000724.png,hue,hue,0.9293584227561951,True,0,0.0,0.5587017000070773
word_000725.png,SALE,SALE,0.9999914169311523,True,0,0.0,0.5267575000179932
word_000726.png,GEOX,0,0.5367062091827393,False,4,1.0,0.5144498000154272
word_000727.png,GEOX,SIO,0.2325868457555771,False,3,0.75,0.5256156999967061
word_000728.png,GEOX,PO,0.29157668352127075,False,3,0.75,0.5785841000033543
word_000729.png,NAUTI,NAUTI,0.9975334405899048,True,0,0.0,0.5723051999812014
word_000730.png,DOROTHY,DOROTHY,0.9999833703041077,True,0,0.0,0.5294236000045203
word_000731.png,PERKINS,PERKINS,0.9999833703041077,True,0,0.0,0.5404975000128616
word_000732.png,SALE,SAT,0.6519294381141663,False,2,0.5,0.5458740000030957
word_000733.png,NEW,NEW,0.9999839663505554,True,0,0.0,0.561535000015283
word_000734.png,SALE,SALE,0.9999630451202393,True,0,0.0,0.5560314000176731
word_000735.png,FURTHER,FURTHER,0.9999471306800842,True,0,0.0,0.5221899999887682
word_000736.png,SALE,S5AM,0.48973745107650757,False,3,0.75,0.5560564999759663
word_000737.png,LINES,LINES,0.9999604225158691,True,0,0.0,0.5720774999936111
word_000738.png,ADDED,ADDED,0.9999686479568481,True,0,0.0,0.5613649000006262
word_000739.png,NEW,NEW,0.9999802112579346,True,0,0.0,0.5459765999985393
word_000740.png,Desigual,Deeigual,0.9990447759628296,False,1,0.125,0.5493544999917503
word_000741.png,FURTHER,FURTHER,0.9998384118080139,True,0,0.0,0.5491123999818228
word_000742.png,LINES,LINES,0.9991782307624817,True,0,0.0,0.5381590999895707
word_000743.png,SALE,SALE,0.9999923706054688,True,0,0.0,0.4964302000007592
word_000744.png,50% OFF,50%,0.8386624455451965,False,4,0.5714285714285714,0.5758801999909338
word_000745.png,sales,sales,0.9999726414680481,True,0,0.0,0.5709904000104871
word_000746.png,sale,sale,0.9999880790710449,True,0,0.0,0.4969956999993883
word_000747.png,70%,70,0.9999481439590454,False,1,0.3333333333333333,0.5185954000044148
word_000748.png,Etam,Etam,0.9989447593688965,True,0,0.0,0.5298819000017829
word_000749.png,-70%,-70%,0.9419485330581665,True,0,0.0,0.5617994999920484
word_000750.png,ROBINSONS,ROBINSONS,0.9998251795768738,True,0,0.0,0.5686356000078376
word_000751.png,SHOP,SHOP,0.9999819397926331,True,0,0.0,0.5628981000045314
word_000752.png,GODIVA,GODIVA,0.9990322589874268,True,0,0.0,0.5491970999864861
word_000753.png,BROOKS,BROOKS,0.9983294606208801,True,0,0.0,0.5180780999944545
word_000754.png,BROTHERS,BBOTHERS,0.9397104978561401,False,1,0.125,0.5158379999920726
word_000755.png,SALE,SALE,0.9997004270553589,True,0,0.0,0.5768977999978233
word_000756.png,GODIVA,GODIVA,0.9999405741691589,True,0,0.0,0.5334671000018716
word_000757.png,Belgium,Belgium,0.9806814789772034,True,0,0.0,0.5450669999991078
word_000758.png,1926,1926,0.887271523475647,True,0,0.0,0.5136749000230338
word_000759.png,Goat,Goat,0.8737325072288513,True,0,0.0,0.510909200005699
word_000760.png,2015,2015,0.9999555349349976,True,0,0.0,0.528203099995153
word_000761.png,OMEGA,OMEGA,0.9999715685844421,True,0,0.0,0.5395386999880429
word_000762.png,OMEGA,OMEGA,0.9999486804008484,True,0,0.0,0.556108699995093
word_000763.png,AIGNER,AIGNER,0.9997971653938293,True,0,0.0,0.5415431000001263
word_000764.png,SALE,SALE,0.8521291017532349,True,0,0.0,0.5507280000019819
word_000765.png,SALE,SALE,0.9997327923774719,True,0,0.0,0.5390800999884959
word_000766.png,part,part,0.9999935030937195,True,0,0.0,0.5622580000199378
word_000767.png,the,the,0.9999995231628418,True,0,0.0,0.5463552000001073
word_000768.png,Art,Art,0.9999812245368958,True,0,0.0,0.5595122000086121
word_000769.png,Connector,Connector,0.9999727606773376,True,0,0.0,0.5582074999983888
word_000770.png,EXIT,EXIT,0.9999721050262451,True,0,0.0,0.5548262000083923
word_000771.png,MARC,MARC,0.8827435374259949,True,0,0.0,0.5307784999895375
word_000772.png,SALE,SALE,0.9961679577827454,True,0,0.0,0.5083482999762055
word_000773.png,BRITISH,,0.0,False,7,1.0,0.5076049999915995
word_000774.png,50%off,50%,0.9607212543487549,False,3,0.5,0.5525239999988116
word_000775.png,ORE,SJORE,0.7914973497390747,False,2,0.6666666666666666,0.6811690999893472
word_000776.png,POP,POP,0.9998582005500793,True,0,0.0,0.5673102000146173
word_000777.png,OUR,OUR,0.9994538426399231,True,0,0.0,0.5502980000164825
word_000778.png,SALE,SALE,0.9999953508377075,True,0,0.0,0.5306649999984074
word_000779.png,01-15,01-15,0.991042971611023,True,0,0.0,0.5544294999854174
word_000780.png,strip,Stp,0.9507390856742859,False,3,0.6,0.5656518999894615
word_000781.png,POP,POP,0.9999960064888,True,0,0.0,0.5593251000100281
word_000782.png,OUR,OUR,0.9999890327453613,True,0,0.0,0.5656026000215206
word_000783.png,SORE,STORE,0.9086140394210815,False,1,0.25,0.4987787999853026
word_000784.png,#01-15,#01-15,0.9998288154602051,True,0,0.0,0.548679200001061
word_000785.png,POP,POP,0.9999954104423523,True,0,0.0,0.5451835000130814
word_000786.png,OUR,OUR,0.9999820590019226,True,0,0.0,0.5592253000068013
word_000787.png,ORE,SJORE,0.9135481715202332,False,2,0.6666666666666666,0.5623011999996379
word_000788.png,AI #,AI井,0.7629285454750061,False,2,0.5,0.5636053000052925
word_000789.png,Buffet,Buffet,0.9999942779541016,True,0,0.0,0.524201299995184
word_000790.png,TOAST,TOAST,0.9982980489730835,True,0,0.0,0.5565616999811027
word_000791.png,BreadTalk,BreadTalk,0.9999900460243225,True,0,0.0,0.5533676999912132
word_000792.png,IND,INDI.,0.8707281351089478,False,2,0.6666666666666666,0.5216870000003837
word_000793.png,Town,Town,0.9999758005142212,True,0,0.0,0.5217983999755234
word_000794.png,Epidor,Epidor,0.9992544651031494,True,0,0.0,0.5154878000030294
word_000795.png,BANGKOKJAM,BANGKOKJAM,0.9972184300422668,True,0,0.0,0.5465445000154432
word_000796.png,BOX,BOK,0.9512450695037842,False,1,0.3333333333333333,0.5219781000050716
word_000797.png,TOAST,TOA,0.30409297347068787,False,2,0.4,0.5197213999927044
word_000798.png,BOX,BOT,0.6454657912254333,False,1,0.3333333333333333,0.5394070999755058
word_000799.png,BEERY,BEERY,0.999981701374054,True,0,0.0,0.5007346000056714
word_000800.png,THIRSTY?,THIRSTY?,0.9999589920043945,True,0,0.0,0.521818599983817
word_000801.png,$10,S10,0.9990000128746033,False,1,0.3333333333333333,0.5155499000102282
word_000802.png,FORTWO,FORTWO,0.9999878406524658,True,0,0.0,0.5163400000019465
word_000803.png,Epidor,Epidor,0.9955292344093323,True,0,0.0,0.5341674000083003
word_000804.png,Bread,PORE,0.4845746159553528,False,5,1.0,0.5519615999946836
word_000805.png,Talk,TITt,0.6660344004631042,False,3,0.75,0.5074512999854051
word_000806.png,Epidor,Epidor,0.9997125267982483,True,0,0.0,0.5496245000103954
word_000807.png,COCOA,COCOA,0.9417651891708374,True,0,0.0,0.535615400003735
word_000808.png,TREES,TREES,0.9950316548347473,True,0,0.0,0.5487930999952368
word_000809.png,TOBLERONE,TOBLERONE,0.9999551773071289,True,0,0.0,0.5323188999900594
word_000810.png,m&m,,0.0,False,3,1.0,0.5102732999948785
word_000811.png,Cadbury,Cadbury,0.9982547760009766,True,0,0.0,0.5330423999985214
word_000812.png,Everyday,Everyday,0.9994778037071228,True,0,0.0,0.5084200999990571
word_000813.png,Specials,Specials,0.9999065399169922,True,0,0.0,0.5214883000007831
word_000814.png,PODI,PODI,0.9997867941856384,True,0,0.0,0.5259465999843087
word_000815.png,COMNAM,COMNAM,0.9987961649894714,True,0,0.0,0.572199999995064
word_000816.png,LONDON,LONDON,0.9788148403167725,True,0,0.0,0.5213673000107519
word_000817.png,Crahtree,,0.0,False,8,1.0,0.4973747000040021
word_000818.png,Evelyn,,0.0,False,6,1.0,0.5239758999960031
word_000819.png,Mt.,Mr.,0.8008537292480469,False,1,0.3333333333333333,0.5185760000022128
word_000820.png,Sapola,Sapola,0.9997940063476562,True,0,0.0,0.5127664000028744
word_000821.png,MPH,MPH,0.9999845623970032,True,0,0.0,0.5554525000043213
word_000822.png,BOOKSTORES,BOOKSTORES,0.9998431205749512,True,0,0.0,0.52049550000811
word_000823.png,hair,hair,0.9723083972930908,True,0,0.0,0.5208760000241455
word_000824.png,billlie,billie,0.9180490970611572,False,1,0.14285714285714285,0.5556820000056177
word_000825.png,HOUSE,HOUSE,0.9999482035636902,True,0,0.0,0.5292136000061873
word_000826.png,HOUSE,HOUSE,0.999991238117218,True,0,0.0,0.5187146000098437
word_000827.png,WATER,WATER,0.9999366998672485,True,0,0.0,0.549478300003102
word_000828.png,FIRE,FRE,0.9906491637229919,False,1,0.25,0.5277745999919716
word_000829.png,HOSEREEH,HOSEREEL,0.995927631855011,False,1,0.125,0.552060399990296
word_000830.png,WET,WET,0.9998193383216858,True,0,0.0,0.5935241000261158
word_000831.png,Choices,Choices,0.9711902737617493,True,0,0.0,0.5746103999845218
word_000832.png,House,House,0.9999719858169556,True,0,0.0,0.6019694999849889
word_000833.png,@SMRT,@SMRT,0.9986419677734375,True,0,0.0,0.5333154999825638
word_000834.png,EXPERIENCE,EXPERIENCE,0.9999715685844421,True,0,0.0,0.5615123999887146
word_000835.png,FIBRE,FIBRE,0.99998539686203,True,0,0.0,0.5373224999930244
word_000836.png,HERE,HERE,0.9999879598617554,True,0,0.0,0.5150680999795441
word_000837.png,EXPERIENCE,EXPERIENCE,0.9661194086074829,True,0,0.0,0.554847699997481
word_000838.png,Open,Open,0.9999815225601196,True,0,0.0,0.5640577000158373
word_000839.png,Public.,Public.,0.9677723050117493,True,0,0.0,0.4873978999967221
word_000840.png,Free,Free,0.9999901056289673,True,0,0.0,0.5178237000072841
word_000841.png,Admission.,Admission.,0.9999863505363464,True,0,0.0,0.5626723000023048
word_000842.png,SINCE,SINCE,0.9992406964302063,True,0,0.0,0.5210729999816976
word_000843.png,1954,1954,0.9992495179176331,True,0,0.0,0.5601477999880444
word_000844.png,BURGER,BURGER,0.9998485445976257,True,0,0.0,0.5227480999892578
word_000845.png,KING,KING,0.9999815821647644,True,0,0.0,0.5050596999935806
word_000846.png,HEAT,HEAT,0.9789354801177979,True,0,0.0,0.5675655000086408
word_000847.png,ELEVEN,ELEVEn,0.8766550421714783,False,1,0.16666666666666666,0.5263370999891777
word_000848.png,WELCOME,WELCOME,0.9989556670188904,True,0,0.0,0.46722000002046116
word_000849.png,ELEVEN,ELEVEn,0.9331969618797302,False,1,0.16666666666666666,0.5624784999818075
word_000850.png,EAT,EAT,0.9960364699363708,True,0,0.0,0.5086756000237074
word_000851.png,Free,Free,0.999993085861206,True,0,0.0,0.5108593000040855
word_000852.png,Open,Open,0.9998691082000732,True,0,0.0,0.5391664000053424
word_000853.png,Inn,m,0.9708396792411804,False,3,1.0,0.5100927999883424
word_000854.png,Public.,Public.,0.9985211491584778,True,0,0.0,0.5117223999986891
word_000855.png,OOD,FOOD,0.9771791100502014,False,1,0.3333333333333333,0.5209206000145059
word_000856.png,Admission.,Admission.,0.9956900477409363,True,0,0.0,0.5378555999777745
word_000857.png,EXPLORE,EXPLORE,0.9999811053276062,True,0,0.0,0.5185535000055097
word_000858.png,INFOCOMM,INFOCOMM,0.9999852180480957,True,0,0.0,0.5467744000197854
word_000859.png,POSS,,0.0,False,4,1.0,0.5105931000143755
word_000860.png,EAT,LAT,0.7120914459228516,False,1,0.3333333333333333,0.5359955999883823
word_000861.png,House,House,0.9998927116394043,True,0,0.0,0.5526134000101592
word_000862.png,COMNAM,COMNAM,0.9999697804450989,True,0,0.0,0.5360998999967705
word_000863.png,SPECTACLE,101,0.3893435299396515,False,9,1.0,0.5563701000064611
word_000864.png,FASTER,FASTER,0.99997478723526,True,0,0.0,0.55837350001093
word_000865.png,THAN,THAN,0.9999831914901733,True,0,0.0,0.5358039000129793
word_000866.png,YOU,YOU,0.999713122844696,True,0,0.0,0.5491140999947675
word_000867.png,CAN,CAN,0.999954879283905,True,0,0.0,0.5490904000180308
word_000868.png,Etam,itam,0.8438022136688232,False,1,0.25,0.4951549999823328
word_000869.png,SAY,SAY,0.9996140599250793,True,0,0.0,0.5704688999976497
word_000870.png,GIFT,GIFT,0.9968035221099854,True,0,0.0,0.5201306999952067
word_000871.png,WRAP,WRAP,0.9996634125709534,True,0,0.0,0.5471521000145003
word_000872.png,PLEASE,PLEASE,0.9999499917030334,True,0,0.0,0.525692600000184
word_000873.png,TAP,TAP,0.9999961853027344,True,0,0.0,0.5055199000053108
word_000874.png,SALE,SALE,0.9823770523071289,True,0,0.0,0.5229537000122946
word_000875.png,SALE,SALE,0.9948716163635254,True,0,0.0,0.4891753999982029
word_000876.png,Food,Food,0.9999241232872009,True,0,0.0,0.5800808999920264
word_000877.png,FOOD,FOOD,0.9999884366989136,True,0,0.0,0.5076487000042107
word_000878.png,DIRECTORY,DIRECTORY,0.9999766945838928,True,0,0.0,0.5206547999987379
word_000879.png,HOTELS,HOTELS,0.9999880790710449,True,0,0.0,0.5424513000180013
word_000880.png,Fairmont,Fairmont,0.9978811144828796,True,0,0.0,0.5871515000180807
word_000881.png,Singapore,Singapore,0.9996291399002075,True,0,0.0,0.5202100000169594
word_000882.png,Prego,Prego,0.9841623306274414,True,0,0.0,0.5486081000126433
word_000883.png,Court,Court,0.9660986661911011,True,0,0.0,0.5264454999996815
word_000884.png,Kitchen,Ktchen,0.9319011569023132,False,1,0.14285714285714285,0.5403097000089474
word_000885.png,The,The,0.9999346733093262,True,0,0.0,0.553080100013176
word_000886.png,Stamford,Stamford,0.9998996257781982,True,0,0.0,0.6163010000018403
word_000887.png,Swiss,Swiss,0.9954776763916016,True,0,0.0,0.5534441000199877
word_000888.png,Bar,Bar,0.9959458708763123,True,0,0.0,0.5951878000050783
word_000889.png,Level,Level,0.9958690404891968,True,0,0.0,0.533656300016446
word_000890.png,Level,Level,0.9935617446899414,True,0,0.0,0.5155281999905128
word_000891.png,SALE,SALE,0.9965729713439941,True,0,0.0,0.5221099999907892
word_000892.png,Accessorize,Accessorize,0.9843996167182922,True,0,0.0,0.5204207000206225
word_000893.png,SALE,SALE,0.9951316714286804,True,0,0.0,0.5328978000034112
word_000894.png,MasterCard,,0.0,False,10,1.0,0.5620496000046842
word_000895.png,woobo,Wooloomooloo,0.7173316478729248,False,9,1.8,0.5668409999925643
word_000896.png,CHRISTMAS,CHEISTMAS,0.8737888336181641,False,1,0.1111111111111111,0.5821821999852546
word_000897.png,SALE,SALE,0.9999827146530151,True,0,0.0,0.5090442000073381
word_000898.png,IT'S,IT'S,0.9992527365684509,True,0,0.0,0.5536006000183988
word_000899.png,BIG,BIG,0.9999394416809082,True,0,0.0,0.5379500999988522
word_000900.png,AND,AND,0.9997376799583435,True,0,0.0,0.5359557000047062
word_000901.png,IT'S,IT'S,0.9597062468528748,True,0,0.0,0.5397273999988101
word_000902.png,TISSOT,TISSOT,0.999967634677887,True,0,0.0,0.49468060000799596
word_000903.png,VICTORIA'S,VICTORIA'S,0.9999144673347473,True,0,0.0,0.5277455000032205
word_000904.png,ROLEX,ROLEX,0.9999837875366211,True,0,0.0,0.5742812000098638
word_000905.png,ART,ART,0.9993874430656433,True,0,0.0,0.5514341999951284
word_000906.png,ODE,ODE,0.9999468326568604,True,0,0.0,0.5100527000031434
word_000907.png,NOT,FHOT,0.5288286209106445,False,2,0.6666666666666666,0.5345015999919269
word_000908.png,UOB,UOB,0.9998917579650879,True,0,0.0,0.5280646000173874
word_000909.png,City,City,0.8644363880157471,True,0,0.0,0.5308617000118829
word_000910.png,MRT,MRT,0.9999802708625793,True,0,0.0,0.49924050000845455
word_000911.png,Office,Office,0.9996223449707031,True,0,0.0,0.5099763000034727
word_000912.png,Tower,Tower,0.9999883770942688,True,0,0.0,0.5598731999925803
word_000913.png,sumosal,sumoSaL,0.7677767872810364,False,2,0.2857142857142857,0.5273467999941204
word_000914.png,chocolate,chocolate,0.9976449608802795,True,0,0.0,0.5551787000149488
word_000915.png,guardian,SO,0.23119032382965088,False,8,1.0,0.5176133000059053
word_000916.png,aster,aster,0.9999969601631165,True,0,0.0,0.4991290000034496
word_000917.png,EXIT,Et,0.49619531631469727,False,3,0.75,0.5588858999835793
word_000918.png,DIRECTORY,,0.0,False,9,1.0,0.5586100999789778
word_000919.png,place,place,0.9999977350234985,True,0,0.0,0.5450190999836195
word_000920.png,DIN,DIN,0.9988934397697449,True,0,0.0,0.5047063000092749
word_000921.png,there's,there's,0.9312096834182739,True,0,0.0,0.5557967999775428
word_000922.png,always,always,0.9999963641166687,True,0,0.0,0.522705200011842
word_000923.png,that,that,0.9999960660934448,True,0,0.0,0.5425938999978825
word_000924.png,special,special,0.9990440607070923,True,0,0.0,0.5217034000088461
word_000925.png,the,the,0.9999590516090393,True,0,0.0,0.5605840999924112
word_000926.png,areas,areas,0.9999885559082031,True,0,0.0,0.5339188000070862
word_000927.png,live.,live.,0.9999127388000488,True,0,0.0,0.5396824000054039
word_000928.png,EXIT,EXIT,0.9999960064888,True,0,0.0,0.5348445999843534
word_000929.png,$8.80,80,0.9772175550460815,False,3,0.6,0.5276794999954291
word_000930.png,browhous,browhaus,0.9803687930107117,False,1,0.125,0.5223783999972511
word_000931.png,MARKET,MARKET,0.9997189044952393,True,0,0.0,0.5138966999948025
word_000932.png,PLACE,PLACE,0.9999111294746399,True,0,0.0,0.5156845999881625
word_000933.png,COURT,COURT,0.9993537664413452,True,0,0.0,0.5487458999850787
word_000934.png,ODI,ODI,0.9858338832855225,True,0,0.0,0.5364577999862377
word_000935.png,PODI,PODI,0.999976634979248,True,0,0.0,0.5011539999977686
word_000936.png,EXIT,EXIT,0.999967634677887,True,0,0.0,0.5209524999954738
word_000937.png,SUBW,SUBW,0.9998894929885864,True,0,0.0,0.5398503000033088
word_000938.png,ROBINSONS,ROBINSONS,0.9999436140060425,True,0,0.0,0.49488519999431446
word_000939.png,Elizabeth,Elizabeth,0.9999722242355347,True,0,0.0,0.5079528000205755
word_000940.png,MAC,MAC,0.8894205689430237,True,0,0.0,0.5452607000188436
word_000941.png,BIOTHERM,POA,0.24650698900222778,False,7,0.875,0.5540662000130396
word_000942.png,SALE,SALE,0.9999867677688599,True,0,0.0,0.5851110999938101
word_000943.png,TOMMY,TOMMY,0.9999067187309265,True,0,0.0,0.5858778999827337
word_000944.png,HILFGER,HILFGER,0.9994881749153137,True,0,0.0,0.54772740000044
word_000945.png,Swatch,swatch,0.9996047019958496,False,1,0.16666666666666666,0.5594157000014093
word_000946.png,ios,ines,0.9230527281761169,False,2,0.6666666666666666,0.5231548000010662
word_000947.png,umP,ump,0.9871285557746887,False,1,0.3333333333333333,0.5036031999916304
word_000948.png,sme,a,0.148585706949234,False,3,1.0,0.5497050000121817
word_000949.png,50%,50,0.999966561794281,False,1,0.3333333333333333,0.5559022999950685
word_000950.png,off,,0.0,False,3,1.0,0.5001010999840219
word_000951.png,Spaghetti,Spaghetti,0.9999766945838928,True,0,0.0,0.5413349999871571
word_000952.png,GOEMON,GOEMON,0.9999693036079407,True,0,0.0,0.5328411999798845
word_000953.png,any,any,0.9999873042106628,True,0,0.0,0.5704936000111047
word_000954.png,SIS,S1S,0.8880812525749207,False,1,0.3333333333333333,0.563529999984894
word_000955.png,dr.,dr,0.9986783266067505,False,1,0.3333333333333333,0.5643763999978546
word_000956.png,CAFE,CAFE,0.9999881982803345,True,0,0.0,0.5208242000080645
word_000957.png,COFFEE,COFFEE,0.9999653697013855,True,0,0.0,0.5461961999826599
word_000958.png,THE,THE,0.9999726414680481,True,0,0.0,0.5186844000127167
word_000959.png,BODY,BODY,0.9985244274139404,True,0,0.0,0.5332560999959242
word_000960.png,STHES,biato,0.52635657787323,False,5,1.0,0.5403366000100505
word_000961.png,COFFEE,COFFEE,0.9999622702598572,True,0,0.0,0.5425583000178449
word_000962.png,Rare,Rare,0.9998844861984253,True,0,0.0,0.5547252999967895
word_000963.png,Bits,Bits,0.999805212020874,True,0,0.0,0.5306579000025522
word_000964.png,50%,50%,0.9927371144294739,True,0,0.0,0.5465545000042766
word_000965.png,off!,off!,0.9996432065963745,True,0,0.0,0.5618329000135418
word_000966.png,SALE,SALE,0.999995231628418,True,0,0.0,0.552575000008801
word_000967.png,Eett,rett,0.9715994000434875,False,1,0.25,0.5301567999995314
word_000968.png,DOCKERS,DOCKERS,0.9374717473983765,True,0,0.0,0.530618399992818
word_000969.png,figger,1ieqqit,0.7278150916099548,False,6,1.0,0.5397509000031278
word_000970.png,SEX,SEX,0.9999690055847168,True,0,0.0,0.5657072000030894
word_000971.png,Esplanade,Esplanade,0.999995768070221,True,0,0.0,0.5191376000002492
word_000972.png,Theatres,Theatres,0.9999784231185913,True,0,0.0,0.5231127000006381
word_000973.png,the,the,0.9999985098838806,True,0,0.0,0.5679865999845788
word_000974.png,Bay,Bay,0.9999861717224121,True,0,0.0,0.5745529000123497
word_000975.png,Esplanade,Esplanade,0.9999951124191284,True,0,0.0,0.5473485999973491
word_000976.png,Theatres,Theatres,0.999995231628418,True,0,0.0,0.5511422000126913
word_000977.png,the,the,0.9999980330467224,True,0,0.0,0.542393899988383
word_000978.png,Bay,Bay,0.9999954104423523,True,0,0.0,0.5192845999845304
word_000979.png,FIRE,FIRE,0.9979755878448486,True,0,0.0,0.5248276000202168
word_000980.png,OSE,OSE,0.9901977181434631,True,0,0.0,0.5078935000055935
word_000981.png,REEL,REEL,0.9991167783737183,True,0,0.0,0.5776515000034124
word_000982.png,Carpark,Carpark,0.9999977946281433,True,0,0.0,0.5206901999772526
word_000983.png,Esplanade,Esplanade,0.9965677261352539,True,0,0.0,0.547658199997386
word_000984.png,14-17,14-17,0.9932311177253723,True,0,0.0,0.5803896999859717
word_000985.png,2015,2015,0.9999890327453613,True,0,0.0,0.5927215999981854
word_000986.png,Corsaire,Corsaire,0.9999949336051941,True,0,0.0,0.5269692000001669
word_000987.png,Theatre,Theatre,0.9999880790710449,True,0,0.0,0.5924135000095703
word_000988.png,HAPPY,HAPPY,0.9999723434448242,True,0,0.0,0.5278311000147369
word_000989.png,HOUR,HOUR,0.9999440908432007,True,0,0.0,0.5858747000165749
word_000990.png,Concert,Concert,0.9999650716781616,True,0,0.0,0.6075989000091795
word_000991.png,Theatre,Theatre,0.9999678730964661,True,0,0.0,0.5893993999925442
word_000992.png,Hall,Hall,0.9993849396705627,True,0,0.0,0.5365462999907322
word_000993.png,Lift,Lift,0.9999707341194153,True,0,0.0,0.5975273999792989
word_000994.png,MEETS,MEETS,0.9263412356376648,True,0,0.0,0.5782009999966249
word_000995.png,Passages,Passsges,0.9615916013717651,False,1,0.125,0.5840845000057016
word_000996.png,Restroom,Reatroom,0.9875462055206299,False,1,0.125,0.5707744000246748
word_000997.png,Carpark,Carpark,0.9951767325401306,True,0,0.0,0.6322389999986626
word_000998.png,Passages,Passages,0.9998467564582825,True,0,0.0,0.6600494000012986
word_000999.png,Meeting,Meeting,0.9995048642158508,True,0,0.0,0.6246379000076558
word_001000.png,Point,Point,0.9997692108154297,True,0,0.0,0.5625542000052519
word_001001.png,Theatre,Theatre,0.9994857907295227,True,0,0.0,0.584676300000865
word_001002.png,The,The,0.9999933242797852,True,0,0.0,0.6222978000005241
word_001003.png,esplanade,esplanade,0.9997182488441467,True,0,0.0,0.5677259999793023
word_001004.png,Ltd,Lu,0.8479185700416565,False,2,0.6666666666666666,0.6105137999984436
word_001005.png,library,library,0.9996324181556702,True,0,0.0,0.5784684999962337
word_001006.png,Esplanade,Esplanade,0.9999903440475464,True,0,0.0,0.5688796000031289
word_001007.png,Theatre,Theatre,0.9999033808708191,True,0,0.0,0.611977399996249
word_001008.png,Roof,Roof,0.998139500617981,True,0,0.0,0.5698321999807376
word_001009.png,Lift,Lift,0.920317530632019,True,0,0.0,0.5327800000086427
word_001010.png,NETS,NETS,0.9992161989212036,True,0,0.0,0.608300899999449
word_001011.png,AXS,AxS,0.8019959330558777,False,1,0.3333333333333333,0.5698699000058696
word_001012.png,Kenko,Kenko,0.9999967813491821,True,0,0.0,0.5694319999893196
word_001013.png,esplanade,,0.0,False,9,1.0,0.6142533000092953
word_001014.png,library,library,0.9997100234031677,True,0,0.0,0.5753016000089701
word_001015.png,MANDARIN,MANDARIN,0.9999691247940063,True,0,0.0,0.567200799996499
word_001016.png,ORIENTAL,ORIENTAL,0.9999239444732666,True,0,0.0,0.5941324000013992
word_001017.png,BRENNER,BRENNER,0.9999927878379822,True,0,0.0,0.6004063000145834
word_001018.png,CHOCOLATE,CHOCOLATE,0.9999727606773376,True,0,0.0,0.572814399987692
word_001019.png,BAR,BAR,0.9986398816108704,True,0,0.0,0.541989100020146
word_001020.png,TOAST,TOAST,0.9999598264694214,True,0,0.0,0.5640017999976408
word_001021.png,BOX,BOX,0.9999833106994629,True,0,0.0,0.5998618000012357
word_001022.png,TOP,TOP,0.9997580647468567,True,0,0.0,0.5966121999954339
word_001023.png,TWO,TWO,0.9983077049255371,True,0,0.0,0.5597256000037305
word_001024.png,FINEST,FHEST,0.7066505551338196,False,2,0.3333333333333333,0.5786115000082646
word_001025.png,LEAVES,LEAVES,0.9999570250511169,True,0,0.0,0.610353900003247
word_001026.png,BUD,BUD,0.9930426478385925,True,0,0.0,0.5509639999945648
word_001027.png,QUEEN,DUEEN,0.9975310564041138,False,1,0.2,0.5752115999930538
word_001028.png,Charcoal,Charcoal,0.9589601159095764,True,0,0.0,0.5998976999835577
word_001029.png,THE,THE,0.999993622303009,True,0,0.0,0.5972664000000805
word_001030.png,BAY,BAY,0.9999845623970032,True,0,0.0,0.5632941000221763
word_001031.png,COLOUR,COLOUR,0.9999791979789734,True,0,0.0,0.5977198000182398
word_001032.png,Molly,Molly,0.9998779296875,True,0,0.0,0.5623801999900024
word_001033.png,Roffey s,Roffeys,0.9991560578346252,False,1,0.125,0.5927108000032604
word_001034.png,RUSH,RSH,0.7973639965057373,False,1,0.25,0.5524173000012524
word_001035.png,ESPLANADE,ESPLAnADE,0.8779430389404297,False,1,0.1111111111111111,0.6151509000046644
word_001036.png,GIANT,Giaut,0.7940718531608582,False,4,0.8,0.5693696000089403
word_001037.png,TOAST,TOAST,0.9899848699569702,True,0,0.0,0.587682000012137
word_001038.png,BOX,BOX,0.9998378157615662,True,0,0.0,0.5877900999912526
word_001039.png,Savings,Savings,0.9999462962150574,True,0,0.0,0.5724316000123508
word_001040.png,DBS,DBS,0.9999844431877136,True,0,0.0,0.5498539000109304
word_001041.png,DBS,DBS,0.9965253472328186,True,0,0.0,0.5734091000049375
word_001042.png,Giant,Giant,0.9930874705314636,True,0,0.0,0.6037282999895979
word_001043.png,UOB,UOB,0.8995476365089417,True,0,0.0,0.5960752999817487
word_001044.png,HYPER,HYPER,0.9980985522270203,True,0,0.0,0.569659100001445
word_001045.png,Citibank,citibank,0.9974406361579895,False,1,0.125,0.5600562000181526
word_001046.png,Value,Value,0.9999168515205383,True,0,0.0,0.589237799984403
word_001047.png,B1-150-15,#B1-150-158,0.9124311804771423,False,2,0.2222222222222222,0.5814577999990433
word_001048.png,9am-,Sam-,0.9680072665214539,False,1,0.25,0.5975731999787968
word_001049.png,Fountain,Fountain,0.9999333024024963,True,0,0.0,0.6286152999964543
word_001050.png,East,East,0.9999891519546509,True,0,0.0,0.5792156999814324
word_001051.png,Atrium,Atrium,0.9999489784240723,True,0,0.0,0.6056867000006605
word_001052.png,Food,Food,0.9998958110809326,True,0,0.0,0.5659324000007473
word_001053.png,Republic,Republic,0.9982964396476746,True,0,0.0,0.625531099998625
word_001054.png,EXIT,EXIT,0.9999916553497314,True,0,0.0,0.6033578999922611
word_001055.png,Restaurants,Restaurants,0.9959792494773865,True,0,0.0,0.5645090000180062
word_001056.png,Wealth,Wealth,0.9978654384613037,True,0,0.0,0.5993542999785859
word_001057.png,Hypermarket,Hypermarket,0.9998864531517029,True,0,0.0,0.5931301999953575
word_001058.png,GOLDEN,GOLDEN,0.9999788403511047,True,0,0.0,0.5925137999875005
word_001059.png,VILLAGE,VILLAGE,0.9999862313270569,True,0,0.0,0.649195600009989
word_001060.png,food,food,0.9998915791511536,True,0,0.0,0.6421005000011064
word_001061.png,repu,epubn,0.7215531468391418,False,3,0.75,0.6164762999978848
word_001062.png,SOUP,SOUP,0.904340922832489,True,0,0.0,0.6595954000076745
word_001063.png,TRADITIONAL,TROTTIONAL,0.745611846446991,False,3,0.2727272727272727,0.5765411999891512
word_001064.png,alk',alki,0.8518321514129639,False,1,0.25,0.6274086000048555
word_001065.png,CRYSTAL,CRISIA,0.7459422945976257,False,3,0.42857142857142855,0.5856052000017371
word_001066.png,TAXI,TAXi,0.9931123852729797,False,1,0.25,0.6303134000045247
word_001067.png,NEXT,NEXT,0.9999667406082153,True,0,0.0,0.6718441999983042
word_001068.png,Towe,TOWEI,0.8401554822921753,False,4,1.0,0.6474990000133403
word_001069.png,2015,2015,0.9999892711639404,True,0,0.0,0.580030600016471
word_001070.png,HAPPY,HAPPY,0.9912921190261841,True,0,0.0,0.6088605000113603
word_001071.png,SPECIAL,SPLIUL,0.7137053608894348,False,3,0.42857142857142855,0.6166362999938428
word_001072.png,FISH,FISH,0.9784500598907471,True,0,0.0,0.6191615000134334
word_001073.png,PEPPER,PEPpeR,0.6753346920013428,False,2,0.3333333333333333,0.6027191999892239
word_001074.png,MONTHLY,MONTHLY,0.8694900870323181,True,0,0.0,0.5516915000043809
word_001075.png,NEW,NEW,0.9899737238883972,True,0,0.0,0.6016430000017863
word_001076.png,YEAR,YEAR,0.8783124089241028,True,0,0.0,0.5595848999801092
word_001077.png,Gold,Gold,0.9875859022140503,True,0,0.0,0.6659849999996368
word_001078.png,CLASS,CLASS,0.9999809265136719,True,0,0.0,0.5365762000146788
word_001079.png,Level,Level,0.9999879598617554,True,0,0.0,0.6160577000118792
word_001080.png,VILLAGE,VILLAGE,0.9038511514663696,True,0,0.0,0.6214929000125267
word_001081.png,GOLDEN,GOLDEN,0.8970372080802917,True,0,0.0,0.5961164000036661
word_001082.png,grab,grob,0.9826010465621948,False,1,0.25,0.5959910999808926
word_001083.png,GOLD,GOLD,0.999925971031189,True,0,0.0,0.6015366000065114
word_001084.png,EAST,EAST,0.9977070093154907,True,0,0.0,0.625462800002424
word_001085.png,10%,10,0.9999052286148071,False,1,0.3333333333333333,0.5446404000103939
word_001086.png,Coca,Coca,0.9999622106552124,True,0,0.0,0.6114300999906845
word_001087.png,Cola,Cola,0.9998052716255188,True,0,0.0,0.577744200010784
word_001088.png,Three,Three,0.9955321550369263,True,0,0.0,0.59175740001956
word_001089.png,10%,10,0.9999728798866272,False,1,0.3333333333333333,0.5804783999919891
word_001090.png,It's,教's,0.7348386645317078,False,2,0.5,0.5462283999950159
word_001091.png,EXIT,EXIT,0.9999844431877136,True,0,0.0,0.5940209000254981
word_001092.png,Open,Open,0.999862790107727,True,0,0.0,0.5809606999973767
word_001093.png,Sale,Sale,0.9973074197769165,True,0,0.0,0.48337159998482093
word_001094.png,SHA,SHAI,0.9996656179428101,False,1,0.3333333333333333,38.9936461999896
word_001095.png,STRO,STIO,0.4791315495967865,False,1,0.25,0.6804946000047494
word_001096.png,Leaf,teaf,0.7518309950828552,False,1,0.25,1.347620000015013
word_001097.png,Bean,Be,0.3239032030105591,False,2,0.5,2.6802968999836594
word_001098.png,Peperoni,Peperoni,0.9893364906311035,True,0,0.0,0.7987633000011556
word_001099.png,Peperoni,Peperoni,0.9995222091674805,True,0,0.0,1.1944951000041328
word_001100.png,PIZZERIA,PIZZERIA,0.9782252311706543,True,0,0.0,0.6897675000072923
word_001101.png,Peperor,Peperor,0.9042977094650269,True,0,0.0,0.7674487000040244
word_001102.png,promod,prpmod,0.9859020709991455,False,1,0.16666666666666666,0.7143571999913547
word_001103.png,Thank,Thank,0.9999940991401672,True,0,0.0,0.6356934999930672
word_001104.png,you,you,0.9999480843544006,True,0,0.0,0.7291298000200186
word_001105.png,BRAUN,BRAUN,0.9919372797012329,True,0,0.0,0.6623568000213709
word_001106.png,BUFFEL,BUFFEL,0.988591194152832,True,0,0.0,0.5619339999975637
word_001107.png,GIORDANO,GORDANO,0.969512403011322,False,1,0.125,0.617304100014735
word_001108.png,EXIT,EXT,0.7415637969970703,False,1,0.25,0.9647757000057027
word_001109.png,SWAROVSKI,SWAROVSKI,0.9999404549598694,True,0,0.0,1.232442499982426
word_001110.png,Levis,LevIs,0.7313176989555359,False,1,0.2,0.8408187000022735
word_001111.png,TM Lewin,Injewin,0.6742604970932007,False,4,0.5,0.6945617999881506
word_001112.png,DOCKERS,DOCKERS,0.996003270149231,True,0,0.0,0.6332066000031773
word_001113.png,Storewide,Storewide,0.9952515363693237,True,0,0.0,0.6028470999735873
word_001114.png,SEPHORA,SEPHORA,0.9997882843017578,True,0,0.0,0.6732760000159033
word_001115.png,Tvo,RCT,0.4011775553226471,False,3,1.0,0.5980407000170089
word_001116.png,LEE,LEE,0.9994605183601379,True,0,0.0,0.5749864999961574
word_001117.png,HWA,HWA,0.9999680519104004,True,0,0.0,0.6439437000080943
word_001118.png,DIAMOND,DIAMOND,0.9999665021896362,True,0,0.0,0.6466796000022441
word_001119.png,GALLERY,GALLERY,0.9994144439697266,True,0,0.0,0.613861200021347
word_001120.png,SEPH,SEPH,0.806800127029419,True,0,0.0,0.6953731999965385
word_001121.png,Vine,Vine,0.9980796575546265,True,0,0.0,0.6334309999947436
word_001122.png,Vera,vera,0.77605140209198,False,1,0.25,0.6308408999757376
word_001123.png,Skin,Skin,0.9977436065673828,True,0,0.0,0.5893189999915194
word_001124.png,Care,Core,0.9857395887374878,False,1,0.25,0.6227786999952514
word_001125.png,LUSH,LUSH,0.9999691247940063,True,0,0.0,0.5661273000005167
word_001126.png,GOLD,GOLD,0.9999200105667114,True,0,0.0,0.597392800002126
word_001127.png,CLASS,CLASS,0.9999724626541138,True,0,0.0,0.62941170000704
word_001128.png,grab,grab,0.9986798763275146,True,0,0.0,0.6074563000001945
word_001129.png,Gold,Gold,0.999451756477356,True,0,0.0,0.5481799999834038
word_001130.png,JAPAN,JAPAN,0.999842643737793,True,0,0.0,0.5972399000020232
word_001131.png,SALE,SALE,0.9998540878295898,True,0,0.0,0.5804808000102639
word_001132.png,ONSEN,ONSEN,0.9998010396957397,True,0,0.0,0.6280049000051804
word_001133.png,SPORTS,SPORTS,0.9999390244483948,True,0,0.0,0.5651611000066623
word_001134.png,WORLD,WORLD,0.9995437860488892,True,0,0.0,0.670667800004594
word_001135.png,FENDI,FENDI,0.9653640985488892,True,0,0.0,0.5577397999877576
word_001136.png,FENDI,FENDI,0.998618483543396,True,0,0.0,0.5847376000019722
word_001137.png,MUSEUM,MUSEUM,0.997749388217926,True,0,0.0,0.5409731999970973
word_001138.png,DISCOVER,DISCOVER,0.9991106986999512,True,0,0.0,0.6018350999802351
word_001139.png,crocs,crocs,0.9547878503799438,True,0,0.0,0.5522061999945436
word_001140.png,50%,50%,0.9972712397575378,True,0,0.0,0.5985098999808542
word_001141.png,sale,Slae,0.3064892292022705,False,3,0.75,0.5680706999846734
word_001142.png,Dior,Dior,0.998242199420929,True,0,0.0,0.6907223999733105
word_001143.png,HOAMGAR,HOAMGAR,0.9999569654464722,True,0,0.0,0.5980033999949228
word_001144.png,NETB,NETB,0.9777148962020874,True,0,0.0,0.5717770000046585
word_001145.png,JCB,JCB,0.9060595631599426,True,0,0.0,0.6193447999830823
word_001146.png,Dior,Dior,0.9983523488044739,True,0,0.0,0.5760595999890938
word_001147.png,NOW,NOW,0.999934196472168,True,0,0.0,0.6520051000115927
word_001148.png,BOOK,BOOK,0.9994141459465027,True,0,0.0,0.6785270000109449
word_001149.png,JAN,JAN,0.9982859492301941,True,0,0.0,0.6117468999873381
word_001150.png,GUCCI,GUCCI,0.9994276165962219,True,0,0.0,0.5601579999784008
word_001151.png,2015,2015,0.9996107816696167,True,0,0.0,0.6075261999794748
word_001152.png,BACKI,BACKI,0.9992977380752563,True,0,0.0,0.561905399983516
word_001153.png,Dior,Dior,0.9999369382858276,True,0,0.0,0.5779059999913443
word_001154.png,ROYAL,ROYAL,0.9999836087226868,True,0,0.0,0.5858657000062522
word_001155.png,SELANGOR,SELANGOR,0.9999305605888367,True,0,0.0,0.5628042999887839
word_001156.png,bYST,DYST,0.9645609855651855,False,1,0.25,0.5346492999815382
word_001157.png,dr.,dr,0.9852384328842163,False,1,0.3333333333333333,0.5299071000190452
word_001158.png,CAFE,CAFE,0.9999891519546509,True,0,0.0,0.5644749999919441
word_001159.png,COFFEE,COFFEE,0.999964714050293,True,0,0.0,0.5669296999985818
word_001160.png,JEWERLERY,JEWERLERY,0.9939433336257935,True,0,0.0,0.6164187999966089
word_001161.png,STREET,STREET,0.9623287320137024,True,0,0.0,0.5567390999931376
word_001162.png,SINGPOST,SINGPOST,0.9925289154052734,True,0,0.0,0.5415241000009701
word_001163.png,shu,shu,0.8832611441612244,True,0,0.0,0.6122445999935735
word_001164.png,uemura,uemura,0.9997740387916565,True,0,0.0,0.5866799000068568
word_001165.png,shuaTELER,SHUATELER,0.8176774978637695,False,4,0.4444444444444444,0.7017831999983173
word_001166.png,again,again,0.9999974966049194,True,0,0.0,0.6189876999997068
word_001167.png,Ion,ion,0.9937055706977844,False,1,0.3333333333333333,0.6066238000057638
word_001168.png,ORCHARD,ORCHARD,0.9998399019241333,True,0,0.0,0.5294253999891225
word_001169.png,ALD,ALD,0.9996978640556335,True,0,0.0,0.5718952000024728
word_001170.png,WHEELOCK,WHEELOCK,0.9999876618385315,True,0,0.0,0.7248278000042774
word_001171.png,PLACE,PLACE,0.9999801516532898,True,0,0.0,0.5999673999904189
word_001172.png,stradivarius,tradfvarius,0.9499127864837646,False,2,0.16666666666666666,0.6543859000084922
word_001173.png,MANGO,MANGO,0.9999665021896362,True,0,0.0,0.6366859000117984
word_001174.png,THe,The,0.9831565022468567,False,1,0.3333333333333333,0.5780680000025313
word_001175.png,Coffee,Coffee,0.9999374747276306,True,0,0.0,0.5975690000050236
word_001176.png,Bean,Bean,0.9999897480010986,True,0,0.0,0.6840230999805499
word_001177.png,COFF,COFE,0.891013503074646,False,1,0.25,0.7273632000142243
word_001178.png,TEA,TEA,0.9988539218902588,True,0,0.0,0.7191823000030126
word_001179.png,COFFEE,COFFEE,0.9993544220924377,True,0,0.0,0.5928757000074256
word_001180.png,ROASTED,ROASTED,0.9996020197868347,True,0,0.0,0.6381707999971695
word_001181.png,ARABICA,ARABICA,0.9998368620872498,True,0,0.0,0.6765809000062291
word_001182.png,CBTL,CBTL,0.8110136985778809,True,0,0.0,0.6225918999989517
word_001183.png,Coffes,Goffoe,0.8487865924835205,False,3,0.5,0.6195339999976568
word_001184.png,SSI,PESMZUN COTTLER AN,0.7682109475135803,False,17,5.666666666666667,1.2800959999731276
word_001185.png,SWAROVSKI,SWAROVSH,0.914563000202179,False,2,0.2222222222222222,0.6161325000284705
word_001186.png,FRAGRANCES,FRAGRANCES,0.9998944401741028,True,0,0.0,0.6407882999919821
word_001187.png,EXIT,EXIT,0.9968960285186768,True,0,0.0,0.6729365999926813
word_001188.png,Standart,Standard,0.9996093511581421,False,1,0.125,0.6221424999821465
word_001189.png,SWAROVSKI,SWAROVSKI,0.999891996383667,True,0,0.0,0.5809692000038922
word_001190.png,DIANE,DIANE,0.9999570846557617,True,0,0.0,0.5886794000107329
word_001191.png,FURSTENBERG,FURSTENGERG,0.9443309307098389,False,1,0.09090909090909091,0.9594955999928061
word_001192.png,MaxMara,MaxMara,0.9999943375587463,True,0,0.0,0.6704775000107475
word_001193.png,BALLY,BALN,0.9875231385231018,False,2,0.4,0.6252858999941964
word_001194.png,Dior,Diof,0.993806779384613,False,1,0.25,0.7518725999980234
word_001195.png,STAGE,STAGE,0.999980092048645,True,0,0.0,0.7989353000011761
word_001196.png,PATEK,PATEK,0.999803364276886,True,0,0.0,0.6496966000122484
word_001197.png,PHILIPPE,PHILIPPE,0.9997851848602295,True,0,0.0,0.6438977000070736
word_001198.png,EXIT,EXIT,0.9999829530715942,True,0,0.0,0.7483513999904972
word_001199.png,LANEIGE,LANEIGE,0.9991058111190796,True,0,0.0,0.6145280000055209
word_001200.png,SALE,SALÉ,0.9396442174911499,False,1,0.25,0.6476419999962673
word_001201.png,SALE,SALE,0.9967641830444336,True,0,0.0,0.7235481000097934
word_001202.png,Grand,Grand,0.999983012676239,True,0,0.0,0.6802505000086967
word_001203.png,Grand,Grand,0.9999950528144836,True,0,0.0,0.6720681999868248
word_001204.png,Anniversary,Anniversary,0.9999778866767883,True,0,0.0,0.573952000006102
word_001205.png,Anniversary,Anniversary,0.9997476935386658,True,0,0.0,0.6903752000071108
word_001206.png,collectpoint,collectpoint,0.9936431050300598,True,0,0.0,0.570949400018435
word_001207.png,SALE,SALE,0.9993142485618591,True,0,0.0,0.6209076000086498
word_001208.png,SALE,SALE,0.9992743134498596,True,0,0.0,0.5746039999939967
word_001209.png,poix,poin,0.8617149591445923,False,1,0.25,0.642209300014656
word_001210.png,coffee,coffee,0.9971911311149597,True,0,0.0,0.5912084000010509
word_001211.png,club,club,0.9995505809783936,True,0,0.0,0.6374085999850649
word_001212.png,KIDS,KIDS,0.9999606609344482,True,0,0.0,0.6206227000220679
word_001213.png,KIDS,KIDS,0.9999852180480957,True,0,0.0,0.6597491000138689
word_001214.png,SALE,SALE,0.9999676942825317,True,0,0.0,0.605813300004229
word_001215.png,SALE,SALE,0.9999743103981018,True,0,0.0,0.6016669999808073
word_001216.png,sale,sale,0.999268651008606,True,0,0.0,0.6067567999998573
word_001217.png,SAL,SAE,0.9330304265022278,False,1,0.3333333333333333,0.6354121000040323
word_001218.png,SALE,SALES,0.9726099967956543,False,1,0.25,0.6864581000118051
word_001219.png,sale,sale,0.8788679838180542,True,0,0.0,0.7224273000028916
word_001220.png,STARBUCKS,STARBUCKS,0.999954879283905,True,0,0.0,0.7329969000129495
word_001221.png,COFFEE,COFFEE,0.9998752474784851,True,0,0.0,0.7402692000032403
word_001222.png,PARIS,PARIS,0.9996684789657593,True,0,0.0,0.7146253999962937
word_001223.png,BAGUETTE,BAGUETTE,0.9999209642410278,True,0,0.0,0.7946188999922015
word_001224.png,Cafe,Cafi,0.9442188739776611,False,1,0.25,0.6354358999815304
word_001225.png,OMEGA,OMEGA,0.9999410510063171,True,0,0.0,0.7239470999920741
word_001226.png,PARIS,PARIS,0.9999443292617798,True,0,0.0,0.5941076999879442
word_001227.png,OMA,OMA,0.9973203539848328,True,0,0.0,0.6128575000038836
word_001228.png,EXIT,EXIT,0.9991040229797363,True,0,0.0,0.6023069000220858
word_001229.png,JEWELLERY,JEWELLERY,0.9999043345451355,True,0,0.0,0.6435238999838475
word_001230.png,NALE,SALE,0.8697449564933777,False,1,0.25,0.7194318999827374
word_001231.png,Grand,Orand,0.9845975637435913,False,1,0.2,0.6545632000197656
word_001232.png,LEE,LEE,0.9998013973236084,True,0,0.0,0.6652232999913394
word_001233.png,HWA,HWA,0.997252881526947,True,0,0.0,0.5839362000115216
word_001234.png,DIAMOND,DIAMOND,0.9999383091926575,True,0,0.0,0.6423720000020694
word_001235.png,GALLERY,GALLERY,0.9999062418937683,True,0,0.0,0.7938228999846615
word_001236.png,OMEGA,OMEGA,0.9999399185180664,True,0,0.0,0.7217617999995127
word_001237.png,OMEGA,OMEGA,0.9997593760490417,True,0,0.0,0.7035146999987774
word_001238.png,Gla    illo,Glashjulle,0.8424092531204224,False,6,0.5454545454545454,0.7490851000184193
word_001239.png,swatc,swatch,0.9267601370811462,False,1,0.2,0.817377100000158
word_001240.png,SALE,SALE,0.9997568130493164,True,0,0.0,0.7401960999995936
word_001241.png,TIMEWISE,TIMEWISE,0.9999359846115112,True,0,0.0,0.69100220000837
word_001242.png,SALE,SALE,0.9999839067459106,True,0,0.0,0.6546030000026803
word_001243.png,NOW,NOW,0.99994295835495,True,0,0.0,0.6408221999881789
word_001244.png,SALE,SALE,0.9999926090240479,True,0,0.0,0.6204607000108808
word_001245.png,SALE,SALE,0.9998292326927185,True,0,0.0,0.6149669000005815
word_001246.png,Haagen,Häagen,0.9958884119987488,False,1,0.16666666666666666,0.6852932999900077
word_001247.png,CONCIERGE,CONCIERGE,0.9996287822723389,True,0,0.0,0.6088823000027332
word_001248.png,GAP,,0.0,False,3,1.0,0.5914122000103816
word_001249.png,ALLWATCHES,ALLWATCHES,0.9999833106994629,True,0,0.0,0.8299666000239085
word_001250.png,SINC,SINCE,0.9972732663154602,False,1,0.25,0.6779184000042733
word_001251.png,Steamed,Steamed,0.9996747970581055,True,0,0.0,0.6258747999963816
word_001252.png,Pork,Pork,0.9999842047691345,True,0,0.0,0.582191800000146
word_001253.png,Dumplings,Dumplings,0.9999189376831055,True,0,0.0,0.6799394999979995
word_001254.png,dintaifungSG,dintaifungSG,0.9994358420372009,True,0,0.0,0.6783638000197243
word_001255.png,www.dintaifung.com.sg,www.dintaifung.com.sg,0.9997881650924683,True,0,0.0,1.00491739998688
word_001256.png,EXIT,EXIT,0.9999830722808838,True,0,0.0,0.6007770000142045
word_001257.png,Ben's,Ben's,0.9996635317802429,True,0,0.0,0.6900881000037771
word_001258.png,SALE,SALE,0.9941074252128601,True,0,0.0,0.6673478999873623
word_001259.png,SALE,SALE,0.9998407363891602,True,0,0.0,0.6188816000067163
word_001260.png,Grand,Grand,0.9999946355819702,True,0,0.0,0.605682399997022
word_001261.png,Anniversary,Anniversary,0.9999420642852783,True,0,0.0,0.6523107000102755
word_001262.png,SETAN,SETAN,0.9995898008346558,True,0,0.0,0.6539736999839079
word_001263.png,Grand,Grand,0.9822956323623657,True,0,0.0,0.6632331000000704
word_001264.png,Anniversary,,0.0,False,11,1.0,0.5672645000158809
word_001265.png,NGEE,NGEE,0.9999815225601196,True,0,0.0,0.6616013000020757
word_001266.png,ANN,ANN,0.9999907612800598,True,0,0.0,0.6927282999968156
word_001267.png,CITY,CITY,0.999975323677063,True,0,0.0,0.6754384000087157
word_001268.png,EXIT,EXIT,0.9979976415634155,True,0,0.0,0.6404450999980327
word_001269.png,GNC,GNC,0.9998484253883362,True,0,0.0,0.6585511000012048
word_001270.png,GNC,GNC,0.9912426471710205,True,0,0.0,0.669473799993284
word_001271.png,SAT,SAT,0.9992601275444031,True,0,0.0,0.6855815000017174
word_001272.png,Opening,Opening,0.9988444447517395,True,0,0.0,0.6927233999886084
word_001273.png,Soon,Soon,0.9854795336723328,True,0,0.0,0.6441450999991503
word_001274.png,Gifts,Gifts,0.9996525645256042,True,0,0.0,0.6720336000144016
word_001275.png,for,for,0.9996075630187988,True,0,0.0,0.685641400021268
word_001276.png,all,all,0.9999009966850281,True,0,0.0,0.597127899993211
word_001277.png,your,your,0.9997895956039429,True,0,0.0,0.680518100009067
word_001278.png,girls,girls,0.999197781085968,True,0,0.0,0.702640400006203
word_001279.png,SCOTCH,SCOTCH,0.9993417859077454,True,0,0.0,0.6679500000027474
word_001280.png,SODA,SODA,0.9999638199806213,True,0,0.0,0.6706469000200741
word_001281.png,AMSTERDAM,AMSTERDAM,0.997904360294342,True,0,0.0,0.6580236999725457
word_001282.png,pening,pening,0.9997044205665588,True,0,0.0,0.6091871999960858
word_001283.png,Soon,Soor,0.9443566203117371,False,1,0.25,0.6841493000101764
word_001284.png,VUEDA,ATE,0.36662229895591736,False,4,0.8,0.6975670999963768
word_001285.png,SHOP,SHOP,0.9999909400939941,True,0,0.0,0.7199197000009008
word_001286.png,TSC,TSC,0.9999852180480957,True,0,0.0,0.7391702000168152
word_001287.png,SPECIAL,SPECIAL,0.9996973872184753,True,0,0.0,0.676468300021952
word_001288.png,CLUB,CLUB,0.9999679327011108,True,0,0.0,0.6703693000017665
word_001289.png,MONACO,MONACO,0.9999331831932068,True,0,0.0,0.6591696000250522
word_001290.png,CLUB,CLUB,0.9999938011169434,True,0,0.0,0.6746556999860331
word_001291.png,SALE,SALE,0.9999935030937195,True,0,0.0,0.6270579000120051
word_001292.png,UP TO,UPTO,0.9998169541358948,False,1,0.2,0.6827888999832794
word_001293.png,OFF,OFF,0.998852550983429,True,0,0.0,0.6659909999871161
word_001294.png,MANGO,MANGO,0.9464227557182312,True,0,0.0,0.667884900001809
word_001295.png,FURTHER,FURTHER,0.9999786615371704,True,0,0.0,0.5930394000024535
word_001296.png,DISCOUNTS,DISCOUNTS,0.9999873638153076,True,0,0.0,0.622331699996721
word_001297.png,OFF,OFF,0.9991111755371094,True,0,0.0,0.5986693000013474
word_001298.png,EXIT,EXIT,0.9999884366989136,True,0,0.0,0.6661008000082802
word_001299.png,GIFT,GFT,0.9994165301322937,False,1,0.25,0.5939293999981601
word_001300.png,OCEAN,OCEAN,0.9999748468399048,True,0,0.0,0.6319607000041287
word_001301.png,CLUB,CLUB,0.9999913573265076,True,0,0.0,0.698678699991433
word_001302.png,MONACO,MONACO,0.9999786019325256,True,0,0.0,0.6463655999978073
word_001303.png,AVEDA,AINA,0.303655207157135,False,3,0.6,0.6148126999905799
word_001304.png,LOUIS,LOUIS,0.9998539090156555,True,0,0.0,0.6877585999900475
word_001305.png,VUITTON,VUITTON,0.9999409914016724,True,0,0.0,0.6780917000141926
word_001306.png,FENDI,FENDI,0.9999774694442749,True,0,0.0,0.6569134000164922
word_001307.png,WORLD,WORLD,0.9998825192451477,True,0,0.0,0.6705950000032317
word_001308.png,OYS,OYST,0.940017819404602,False,1,0.3333333333333333,0.6577023999998346
word_001309.png,St.,St.,0.98225998878479,True,0,0.0,0.65348740000627
word_001310.png,MAARteN,MOARtEN,0.8528598546981812,False,2,0.2857142857142857,0.65053590000025
word_001311.png,St.,St.,0.776297390460968,True,0,0.0,0.5992895999806933
word_001312.png,OYSTER,,0.0,False,6,1.0,0.6913637999969069
word_001313.png,MONEY,MONEY,0.9992915391921997,True,0,0.0,0.6405854999902658
word_001314.png,CHANGER,CHANGER,0.9999915957450867,True,0,0.0,0.5916902000026312
word_001315.png,Kinokuniva,Kinokuniva,0.9994511604309082,True,0,0.0,0.6660609999962617
word_001316.png,BOOKS,BOOKS,0.9999783635139465,True,0,0.0,0.6340859000047203
word_001317.png,Kinokuniya,Kinokuniya,0.9556962847709656,True,0,0.0,0.6201003000023775
word_001318.png,Knowledge,Knowledge,0.9999547600746155,True,0,0.0,0.6574493999942206
word_001319.png,new,new,0.9998999238014221,True,0,0.0,0.667415500007337
word_001320.png,chapter,chapter,0.9999803900718689,True,0,0.0,0.6608972999965772
word_001321.png,one,one,0.9975685477256775,True,0,0.0,0.6367171000165399
word_001322.png,MONEY,MONEY,0.999971866607666,True,0,0.0,0.6763607999891974
word_001323.png,CHANGER,CHANGER,0.9999822974205017,True,0,0.0,0.6286750000144821
word_001324.png,PAUL,PAUL,0.9999222755432129,True,0,0.0,0.6917670000111684
word_001325.png,SALON,SALON,0.9999808073043823,True,0,0.0,0.6504871000070125
word_001326.png,THE,THE,0.9999704957008362,True,0,0.0,0.5971807000169065
word_001327.png,RESTAURANT,RESTAURANT,0.9999410510063171,True,0,0.0,0.7282532000099309
word_001328.png,PAUL,PAUL,0.9999151825904846,True,0,0.0,0.6741755999973975
word_001329.png,new,new,0.9999847412109375,True,0,0.0,0.7691805000067689
word_001330.png,chapter,chapter,0.9999971985816956,True,0,0.0,0.8096989000041503
word_001331.png,Knowledg,Knowledg,0.9998610019683838,True,0,0.0,0.6504259000066668
word_001332.png,SPECIAL,SPECTAL,0.9211135506629944,False,1,0.14285714285714285,0.6475593000068329
word_001333.png,PED,PED,0.999971866607666,True,0,0.0,0.661118100018939
word_001334.png,DER,DER,0.9998536109924316,True,0,0.0,0.6596777000231668
word_001335.png,RED,RED,0.9999385476112366,True,0,0.0,0.6486179000057746
word_001336.png,TSC,TSC,0.839850127696991,True,0,0.0,0.6710942999925464
word_001337.png,EXIT,EXIT,0.9999960064888,True,0,0.0,0.6974106999987271
word_001338.png,swatch,swatch,0.9221290946006775,True,0,0.0,0.6470891999779269
word_001339.png,Calvin,Calvin,0.9999647736549377,True,0,0.0,0.6646879999898374
word_001340.png,Klein,Klein,0.9999136924743652,True,0,0.0,0.6062503999855835
word_001341.png,EXIT,EXIT,0.9999866485595703,True,0,0.0,0.612390599999344
word_001342.png,swatch,swatch,0.999919593334198,True,0,0.0,0.6624583000084385
word_001343.png,Calvin,Calvin,0.9135193228721619,True,0,0.0,0.6314191999845207
word_001344.png,Klein,Klen,0.8683720827102661,False,1,0.2,0.6340684999886435
word_001345.png,swatch,swatch,0.9999501705169678,True,0,0.0,0.60790270002326
word_001346.png,O-FACTORY,O-FACTORY,0.9797709584236145,True,0,0.0,0.5798916000057943
word_001347.png,EXIT,EXIT,0.9998902082443237,True,0,0.0,0.6285075999912806
word_001348.png,FedEx,FedEx,0.9993834495544434,True,0,0.0,0.5942609999910928
word_001349.png,ORCHARD,LORCHARD,0.981769323348999,False,1,0.14285714285714285,0.6573372000129893
word_001350.png,PARAGON,PARAGON,0.9999037384986877,True,0,0.0,0.6621702999982517
word_001351.png,SALE,SALE,0.9999639391899109,True,0,0.0,0.6503299000032712
word_001352.png,GUESS,GUESS,0.9998049736022949,True,0,0.0,0.6255658000009134
word_001353.png,TODS,TODS,0.9823630452156067,True,0,0.0,0.6781849999970291
word_001354.png,The,The,0.9998419284820557,True,0,0.0,0.5998132999811787
word_001355.png,Soup,Soup,0.9999801516532898,True,0,0.0,0.5985463999968488
word_001356.png,Spoon,Spoon,0.9994548559188843,True,0,0.0,0.6330257999943569
word_001357.png,BreadTalk,BreadTalk,0.9459051489830017,True,0,0.0,0.6440045999770518
word_001358.png,The,The,0.9971168637275696,True,0,0.0,0.7493820000090636
word_001359.png,Soup,Soup,0.9998694658279419,True,0,0.0,0.7240834000112955
word_001360.png,Spoon,Spoon,0.9999933242797852,True,0,0.0,0.6873631000053138
word_001361.png,BREAKFAST,BREAKFAST,0.9945333003997803,True,0,0.0,0.6746025000174996
word_001362.png,Spoon,Spoon,0.9999550580978394,True,0,0.0,0.7308766999922227
word_001363.png,The,The,0.9999992251396179,True,0,0.0,0.707704600004945
word_001364.png,Soup,Soup,0.9999935626983643,True,0,0.0,0.7231129999854602
word_001365.png,The,The,0.9994303584098816,True,0,0.0,0.58878249998088
word_001366.png,Soup,Soup,0.9999920129776001,True,0,0.0,0.6074389000132214
word_001367.png,Spoon,Spoon,0.9999867677688599,True,0,0.0,0.696861300006276
word_001368.png,50%,50%,0.9955205917358398,True,0,0.0,0.6533294999971986
word_001369.png,OFF,OFF,0.9999246597290039,True,0,0.0,0.6245123000117019
word_001370.png,sale,sale,0.9999192357063293,True,0,0.0,0.6800080999964848
word_001371.png,MAKE,MAKE,0.9999747276306152,True,0,0.0,0.6051824000023771
word_001372.png,STORE,STORE,0.9999822378158569,True,0,0.0,0.6791375000029802
word_001373.png,Northern,Northern,0.9202026128768921,True,0,0.0,0.6277315000188537
word_001374.png,STORE,STORE,0.999987006187439,True,0,0.0,0.6869805000023916
word_001375.png,eauty,,0.0,False,5,1.0,0.7931079000118189
word_001376.png,PAMPER,PAMPER,0.9999702572822571,True,0,0.0,0.675183699990157
word_001377.png,SKIN!,SKIN!,0.9999747276306152,True,0,0.0,0.677268900006311
word_001378.png,PERFECT,PERFECT,0.9993897080421448,True,0,0.0,0.6964670000015758
word_001379.png,SMELL,SMELL,0.9999778866767883,True,0,0.0,0.6491862999973819
word_001380.png,SEXY,SEXY,0.9999776482582092,True,0,0.0,0.6779698999889661
word_001381.png,ALL,ALL,0.9999213814735413,True,0,0.0,0.6708339000178967
word_001382.png,THE,THE,0.999994695186615,True,0,0.0,0.5980430000054184
word_001383.png,TIME!,TIME!,0.9605735540390015,True,0,0.0,0.6760515000205487
word_001384.png,STAR,STAR,0.9999957084655762,True,0,0.0,0.5999730000039563
word_001385.png,THREESIXTY,THREESIXTY,0.9981287121772766,True,0,0.0,0.6098176000232343
word_001386.png,WAREHOUSE,WAREHOUSE,0.9997302293777466,True,0,0.0,0.663800899987109
word_001387.png,GEOX,GEOX,0.924120306968689,True,0,0.0,0.638506299990695
word_001388.png,SALE,SALE,0.9999836087226868,True,0,0.0,0.6872426999907475
word_001389.png,SALE,SALE,0.9999539852142334,True,0,0.0,0.6295499000116251
word_001390.png,CHINA,CHINA,0.9999423027038574,True,0,0.0,0.629914799996186
word_001391.png,SALE,SALE,0.9999696016311646,True,0,0.0,0.6689263000153005
word_001392.png,IMAGES,IMAGES,0.9998138546943665,True,0,0.0,0.6083821000065655
word_001393.png,PARAGON,PARAGON,0.9952610731124878,True,0,0.0,0.6260506999969948
word_001394.png,SALE,SALE,0.9999876022338867,True,0,0.0,0.6116088999842759
word_001395.png,Commune,Commune,0.9998102188110352,True,0,0.0,0.634205699985614
word_001396.png,DOME,DOME,0.9999457597732544,True,0,0.0,0.6809155999799259
word_001397.png,PARAGON,PARAGON,0.999994158744812,True,0,0.0,0.6697234999737702
word_001398.png,DOME,DOME,0.9998169541358948,True,0,0.0,0.6576621000131126
word_001399.png,coast,coast,0.8812931776046753,True,0,0.0,0.6204385999881197
word_001400.png,SPENCER,SPENCER,0.9999844431877136,True,0,0.0,0.6151189999945927
word_001401.png,CHRISTMAS,CHRISTMAS,0.999927818775177,True,0,0.0,0.6411503999843262
word_001402.png,FOR,FOR,0.999988853931427,True,0,0.0,0.703008000011323
word_001403.png,PL   ECT,PLRTECT,0.8586646914482117,False,3,0.375,0.6727257999882568
word_001404.png,PARAGON,PARAGON,0.9999814033508301,True,0,0.0,0.6307092999923043
word_001405.png,MAIN,MAIN,0.996106743812561,True,0,0.0,0.6001385000126902
word_001406.png,DIRECTORY,DIRECTORY,0.9685319066047668,True,0,0.0,0.6404260000272188
word_001407.png,BREAD,BREAD,0.9999804496765137,True,0,0.0,0.6848990999860689
word_001408.png,BUTTER,BUTTER,0.9999837279319763,True,0,0.0,0.6129330999974627
word_001409.png,HARC,MARC,0.9990476369857788,False,1,0.25,0.690806500002509
word_001410.png,MARC,MARC,0.9998137950897217,True,0,0.0,0.604687000013655
word_001411.png,JACOBS,JACOBS,0.999492883682251,True,0,0.0,0.6345524000062142
word_001412.png,MULBERRY,MULBERRY,0.9995235204696655,True,0,0.0,0.6912567999970634
word_001413.png,BOSS,BOSS,0.9999862313270569,True,0,0.0,0.5930659000005107
word_001414.png,POH,POH,0.9999475479125977,True,0,0.0,0.5967141000146512
word_001415.png,313,313,0.999538004398346,True,0,0.0,0.5847980999969877
word_001416.png,HENG,HENG,0.999995231628418,True,0,0.0,0.6165426000079606
word_001417.png,ORCHARD,ORCHARD,0.999194324016571,True,0,0.0,0.656505399994785
word_001418.png,SHOPPING,SHOPPING,0.9999147653579712,True,0,0.0,0.6521444999962114
word_001419.png,POH,POH,0.9999088644981384,True,0,0.0,0.6526561999926344
word_001420.png,HEN,HENC,0.8867199420928955,False,1,0.3333333333333333,0.6954946999903768
word_001421.png,CEN,UBN,0.6894665360450745,False,2,0.6666666666666666,0.7878764999913983
word_001422.png,opping,opping,0.916053831577301,True,0,0.0,0.7562356000125874
word_001423.png,Advertisement Space,Advertisement,0.9998913407325745,False,6,0.3157894736842105,0.6438300000154413
word_001424.png,Space,Space,0.999983012676239,True,0,0.0,0.6484250999928918
word_001425.png,Office,Office,0.999927818775177,True,0,0.0,0.6233801000053063
word_001426.png,Robert,Robert,0.9999527931213379,True,0,0.0,0.6090144999907352
word_001427.png,Timms,Timms,0.9993297457695007,True,0,0.0,0.6640229999902658
word_001428.png,321,321,0.9922702312469482,True,0,0.0,0.6337285000190604
word_001429.png,SAYOUR,SAVOUR,0.997016429901123,False,1,0.16666666666666666,0.6158700000087265
word_001430.png,timms,Timms,0.9854944348335266,False,1,0.2,0.5676826999988407
word_001431.png,FOR,FOR,0.9997755885124207,True,0,0.0,0.6217369000078179
word_001432.png,TASTE,TASTE,0.9999574422836304,True,0,0.0,0.6785134000238031
word_001433.png,GREAT,GREAT,0.9998296499252319,True,0,0.0,0.6434447999927215
word_001434.png,uob,UOB,0.9997014999389648,False,3,1.0,0.5759641000186093
word_001435.png,the,THE,0.9993235468864441,False,3,1.0,0.6311316999781411
word_001436.png,step,STEP,0.9907028675079346,False,4,1.0,0.5977132000261918
word_001437.png,outback,OUTBACK,0.9908553957939148,False,7,1.0,0.6439772000012454
word_001438.png,Robert,Robert,0.9988007545471191,True,0,0.0,0.641829800006235
word_001439.png,YOUR,YOUR,0.9996813535690308,True,0,0.0,0.6501327000150923
word_001440.png,STEAK,STEAK,0.9371894001960754,True,0,0.0,0.625218400004087
word_001441.png,CLAIM!,CLAIM!,0.9223348498344421,True,0,0.0,0.6711278999864589
word_001442.png,Robert,Robert,0.9711058139801025,True,0,0.0,0.6944933000195306
word_001443.png,Timms,Tarims,0.810299813747406,False,3,0.6,0.6330251000181306
word_001444.png,YOUR,YOUR,0.8636072278022766,True,0,0.0,0.619286800007103
word_001445.png,YOUR,YOUR,0.9999810457229614,True,0,0.0,0.5699456000002101
word_001446.png,DONE,DONI,0.8875526785850525,False,1,0.25,0.6517235999926925
word_001447.png,STAKE,STAKE,0.9999783635139465,True,0,0.0,0.6678407000144944
word_001448.png,WAY!,WAXI,0.769820511341095,False,2,0.5,0.6610453999892343
word_001449.png,NTRE,NTRE,0.9795145988464355,True,0,0.0,0.6727351000008639
word_001450.png,ORCHARD,ORCHARD,0.9992109537124634,True,0,0.0,0.7594356999907177
word_001451.png,CENTRE,CENTRE,0.9999839663505554,True,0,0.0,0.7077582000056282
word_001452.png,SPRINKLER,SPRINKLER,0.9999924898147583,True,0,0.0,0.6918930000101682
word_001453.png,VALVE,VALVE,0.9999886751174927,True,0,0.0,0.7392893999931403
word_001454.png,SHOPPING,SHOPPING,0.9999587535858154,True,0,0.0,0.7192985000147019
word_001455.png,PARKING,PARKING,0.9999942779541016,True,0,0.0,0.6958171000005677
word_001456.png,THE,THE,0.9999954104423523,True,0,0.0,0.6938056999933906
word_001457.png,ENTRANCE,ENTRANCE,0.9998754262924194,True,0,0.0,0.6338416999788024
word_001458.png,THE,THE,0.9992030262947083,True,0,0.0,0.6870842000062112
word_001459.png,CARPARK,CARPARK,0.9709277153015137,True,0,0.0,0.6469603000150528
word_001460.png,ORDER,ORDER,0.9999804496765137,True,0,0.0,0.6710009999806061
word_001461.png,THE,THE,0.9999876022338867,True,0,0.0,0.58530370000517
word_001462.png,MANAGEMENT,MANAGEMENT,0.9999252557754517,True,0,0.0,0.6907658999843989
word_001463.png,SALE,SALE,0.9987221956253052,True,0,0.0,0.6685406999895349
word_001464.png,ALE,ALE,0.9999651908874512,True,0,0.0,0.6046196999959648
word_001465.png,SALE,SALE,0.9349092841148376,True,0,0.0,0.6072427000035532
word_001466.png,SALE,SALE,0.9890210628509521,True,0,0.0,0.6751508000015747
word_001467.png,SAL,SAL,0.9964578151702881,True,0,0.0,0.7790156000119168
word_001468.png,SALE,SALE,0.9996253252029419,True,0,0.0,0.6899233000003733
word_001469.png,SALE,SALE,0.9999219179153442,True,0,0.0,0.6821524999977555
word_001470.png,SALE,SALE,0.9999662637710571,True,0,0.0,0.6590076999855228
word_001471.png,SAL,SAL,0.9994539618492126,True,0,0.0,0.6613096999935806
word_001472.png,SALE,SALE,0.9997881054878235,True,0,0.0,0.6205988000147045
word_001473.png,SALE,SALE,0.99998939037323,True,0,0.0,0.6486468999937642
word_001474.png,SAL,SAL,0.9999093413352966,True,0,0.0,0.6332735999894794
word_001475.png,NEW,REW,0.7404014468193054,False,1,0.3333333333333333,0.6157826000126079
word_001476.png,COTTON,COTTON,0.9995408058166504,True,0,0.0,0.6469604999874718
word_001477.png,NEW,NEW,0.9920602440834045,True,0,0.0,0.5984019000025
word_001478.png,NOW,NOW,0.9924521446228027,True,0,0.0,0.6432786000077613
word_001479.png,GRAPHIC,GRAPHIC,0.9965953826904297,True,0,0.0,0.641109599993797
word_001480.png,TEES,TEES,0.9999121427536011,True,0,0.0,0.6818314999982249
word_001481.png,FOR,FOR,0.9998798966407776,True,0,0.0,0.686564300005557
word_001482.png,VICTORIA'S,VICTORIA'S,0.999531090259552,True,0,0.0,0.650555300002452
word_001483.png,NEW,NEW,0.9977368712425232,True,0,0.0,0.6526100000191946
word_001484.png,NOW,NOW,0.9982553124427795,True,0,0.0,0.6113940000068396
word_001485.png,THE,THE,0.9999859929084778,True,0,0.0,0.6122440000181086
word_001486.png,FOREVER,FOREVER,0.9998363256454468,True,0,0.0,0.709708899987163
word_001487.png,FOREVER,2,0.15707926452159882,False,7,1.0,0.678786400007084
word_001488.png,MANGO,MANGO,0.9810930490493774,True,0,0.0,0.6012001000053715
word_001489.png,SALE,SALE,0.9998317956924438,True,0,0.0,0.6199417999887373
word_001490.png,ALE,LE,0.9904126524925232,False,1,0.3333333333333333,0.688198400021065
word_001491.png,FOREVER,FOREVER,0.9998526573181152,True,0,0.0,0.6699068000016268
word_001492.png,OREVER,试验单位,0.2488306313753128,False,6,1.0,0.6695210000034422
word_001493.png,epiCentre,epiCentre,0.9523947834968567,True,0,0.0,0.6691772000049241
word_001494.png,GUESS,GUESS,0.9999544024467468,True,0,0.0,0.6611863999860361
word_001495.png,LADY'S,LADYS,0.9995010495185852,False,1,0.16666666666666666,0.6756498999893665
word_001496.png,ecco,ecco,0.999298095703125,True,0,0.0,0.6901211999938823
word_001497.png,SALE,SALE,0.963973879814148,True,0,0.0,0.6673728000023402
word_001498.png,epiCentre,epicentre,0.94498211145401,False,1,0.1111111111111111,0.569600899994839
word_001499.png,GUESS,GUESS,0.9009712934494019,True,0,0.0,0.6610736000002362
word_001500.png,ntre,ntre,0.9999953508377075,True,0,0.0,0.6585458000190556
word_001501.png,LEVIS,Levi's,0.7176676392555237,False,5,1.0,0.6752206000091974
word_001502.png,SALE,SALE,0.9999814033508301,True,0,0.0,0.6086873000022024
word_001503.png,evis,evi's,0.9976528882980347,False,1,0.25,0.5924462000257336
word_001504.png,LADY'S,LADY'S,0.9745473861694336,True,0,0.0,0.6424926000181586
word_001505.png,ecco,ecco,0.9965723752975464,True,0,0.0,0.6410596999921836
word_001506.png,SALE,SALE,0.9914778470993042,True,0,0.0,0.6038588999945205
word_001507.png,SALE,SASE,0.5104950070381165,False,1,0.25,0.6230170000053477
word_001508.png,SALE,STE,0.6976839900016785,False,2,0.5,0.5875807999982499
word_001509.png,ecco,SOE,0.2713795006275177,False,4,1.0,0.6453177999937907
word_001510.png,ALE,ALE,0.9828006625175476,True,0,0.0,0.6555889000010211
word_001511.png,EASTERN,EASTERN,0.9998914003372192,True,0,0.0,0.6485167999926489
word_001512.png,WATCH,WATCH,0.9998399615287781,True,0,0.0,0.6622585000004619
word_001513.png,SALE,SALE,0.9998764991760254,True,0,0.0,0.832306600001175
word_001514.png,SOLDES,SOLDES,0.9998660087585449,True,0,0.0,0.7145252999907825
word_001515.png,SAL,SAL,0.9999608993530273,True,0,0.0,0.6521924000116996
word_001516.png,OLDES,SOLDES,0.9849982857704163,False,1,0.2,0.7022019999858458
word_001517.png,SALE,SALE,0.9998610019683838,True,0,0.0,0.5825872000132222
word_001518.png,SOLDE,SOLDE,0.9974102973937988,True,0,0.0,0.6798148999805562
word_001519.png,SALE,SAE,0.5984062552452087,False,1,0.25,0.6930122000048868
word_001520.png,SALE,SALE,0.9999926090240479,True,0,0.0,0.6080699999874923
word_001521.png,EXIT,EXIT,0.9992303848266602,True,0,0.0,0.6698495000018738
word_001522.png,FOSSIL,FOSSIL,0.9999521374702454,True,0,0.0,0.6289792000025045
word_001523.png,epiCentre,epicentre,0.9664281010627747,False,1,0.1111111111111111,0.6421690999995917
word_001524.png,EXIT,EXIT,0.9995448589324951,True,0,0.0,0.6673319999827072
word_001525.png,OREVER,PREVER,0.942879855632782,False,1,0.16666666666666666,0.72103220000281
word_001526.png,SALE,SALE,0.9998252987861633,True,0,0.0,0.6436732000147458
word_001527.png,SALE,SALE,0.9996552467346191,True,0,0.0,0.6565135999990162
word_001528.png,SALE,SALP,0.9874348640441895,False,1,0.25,0.7235932000039611
word_001529.png,SLE,SULE,0.9374315738677979,False,1,0.3333333333333333,0.6739024999842513
word_001530.png,SALE,SALE,0.9999351501464844,True,0,0.0,0.7304274000052828
word_001531.png,SALE,SALE,0.9999879002571106,True,0,0.0,0.692456700024195
word_001532.png,SALE,SALE,0.999977707862854,True,0,0.0,0.6225910999928601
word_001533.png,SALE,SALE,0.9999790191650391,True,0,0.0,0.6911918999976479
word_001534.png,public,public,0.9997865557670593,True,0,0.0,0.7162851000030059
word_001535.png,FITTING,FITTING,0.9998028874397278,True,0,0.0,0.703691999980947
word_001536.png,ROOK,ROOM,0.8732588291168213,False,1,0.25,0.7100765999930445
word_001537.png,RIVAL,RIVAL,0.9999504089355469,True,0,0.0,0.6375946000043768
word_001538.png,ECOIL,ECOIL,0.9991418719291687,True,0,0.0,0.6532632999878842
word_001539.png,Timberland,Timberland,0.992664635181427,True,0,0.0,0.6736982000002172
word_001540.png,PHO    A,PHO,0.9690013527870178,False,5,0.625,0.7899407999939285
word_001541.png,NINE,NINE,0.9999825954437256,True,0,0.0,0.7559758000134025
word_001542.png,WEST,WEST,0.9999946355819702,True,0,0.0,0.7680757000052836
word_001543.png,RECOIL,RECOIL,0.9998140931129456,True,0,0.0,0.752979899989441
word_001544.png,SALE,SALE,0.9991244673728943,True,0,0.0,0.7428271000098903
word_001545.png,CITY,AONAETY,0.6329396963119507,False,5,1.25,0.6829641999793239
word_001546.png,OFF,OFF,0.999913215637207,True,0,0.0,0.717553800001042
word_001547.png,XMAS,XMAS,0.9999040961265564,True,0,0.0,0.6611017000104766
word_001548.png,OFF,OFF,0.9998599886894226,True,0,0.0,0.5927394000173081
word_001549.png,SALE,SALE,0.9999885559082031,True,0,0.0,0.5882481000153348
word_001550.png,W.E.,W.E.,0.9998493194580078,True,0,0.0,0.6598552000068594
word_001551.png,W.E.,W.E.,0.9984741806983948,True,0,0.0,0.6066018000128679
word_001552.png,W.E.,W.E.,0.9994356632232666,True,0,0.0,0.7108112999994773
word_001553.png,WORKSHOPE,WORKSHOPEI,0.9777640104293823,False,1,0.1111111111111111,0.6277040999848396
word_001554.png,WALKIN,WALKER,0.9991785883903503,False,2,0.3333333333333333,0.6156526999839116
word_001555.png,#22,2,0.9580800533294678,False,2,0.6666666666666666,0.6622736999997869
word_001556.png,WORKSHOPELEM,WORKSHOPELEME,0.9816248416900635,False,1,0.08333333333333333,0.6304165000037756
word_001557.png,RAUCO,RAUGO,0.9921029210090637,False,1,0.2,0.7706658999959473
word_001558.png,NINE,NINE,0.999972939491272,True,0,0.0,0.7417945000051986
word_001559.png,WEST,WEST,0.9999940395355225,True,0,0.0,0.6574598999868613
word_001560.png,SPORTS,SPORTS,0.9999343752861023,True,0,0.0,0.6535488000081386
word_001561.png,OUTLET,OUTLET,0.9999785423278809,True,0,0.0,0.5906977000122424
word_001562.png,SALE!,SALE!,0.9970006942749023,True,0,0.0,0.6390869000169914
word_001563.png,CLOSING,CLOSING,0.9999635815620422,True,0,0.0,0.6615074000146706
word_001564.png,DOWN,DOWN,0.9999793171882629,True,0,0.0,0.6844424000009894
word_001565.png,SALE!,SALE!,0.9998847246170044,True,0,0.0,0.6229926999949384
word_001566.png,SALE,SALE!,0.9937835931777954,False,1,0.25,0.6988800999824889
word_001567.png,SPORTS,SPORTS,0.9999662041664124,True,0,0.0,0.6686457000032533
word_001568.png,STOR,STOR,0.9999868869781494,True,0,0.0,0.6319584999873769
word_001569.png,CLOSING,CLOSING,0.9999546408653259,True,0,0.0,0.677422899985686
word_001570.png,DOWN,DOWN,0.9999843835830688,True,0,0.0,0.5984667000011541
word_001571.png,SALE!,SALE!,0.9999264478683472,True,0,0.0,0.6022542999999132
word_001572.png,LES,检验,0.20671239495277405,False,3,1.0,0.6722443000180647
word_001573.png,BALL,BALL,0.9999908208847046,True,0,0.0,0.6396300999913365
word_001574.png,PARK,PARK,0.9999808669090271,True,0,0.0,0.6241357999970205
word_001575.png,YOUR,YOUR,0.9999513030052185,True,0,0.0,0.6509217999991961
word_001576.png,NEW,NEW,0.9998976588249207,True,0,0.0,0.6653205000038724
word_001577.png,ERA,ERA,0.9998363852500916,True,0,0.0,0.6451260000176262
word_001578.png,FLY,FLY,0.9999001622200012,True,0,0.0,0.6299591999850236
word_001579.png,MAKE,MAKE,0.9999468326568604,True,0,0.0,0.6020625999954063
word_001580.png,OWN,OWN,0.9796139597892761,True,0,0.0,0.6058087999990676
word_001581.png,FLAG,FLAG,0.9999289512634277,True,0,0.0,0.5934031000069808
word_001582.png,CLASSICS,CLASSICS,0.999811053276062,True,0,0.0,0.6193080999946687
word_001583.png,MADE,MADE,0.9999842643737793,True,0,0.0,0.6809378000034485
word_001584.png,AMERICA.,AMERICA.,0.9989904165267944,True,0,0.0,0.6272908999817446
word_001585.png,GOAL,GOAL,0.9767616987228394,True,0,0.0,0.6246516000246629
word_001586.png,CLASSICS.,CLASSICS.,0.9999727606773376,True,0,0.0,0.6664221999817528
word_001587.png,nstinct,nstinct,0.9992070198059082,True,0,0.0,0.6019668000226375
word_001588.png,AMERICA,AMERICA,0.9998626708984375,True,0,0.0,0.6180424999911338
word_001589.png,OPEN,OPEN,0.9998526573181152,True,0,0.0,0.6624958000029437
word_001590.png,MADE,MADE,0.9999502897262573,True,0,0.0,0.6363336000067648
word_001591.png,EXIT,EXIT,0.9998592138290405,True,0,0.0,0.6594195000070613
word_001592.png,over,over,0.9998835325241089,True,0,0.0,0.6168328000057954
word_001593.png,GOA,GCA,0.8481040000915527,False,1,0.3333333333333333,0.6172502999834251
word_001594.png,BONG.,BONG,0.999119758605957,False,1,0.2,0.6533860999916214
word_001595.png,SALE,SALE,0.999983549118042,True,0,0.0,0.6300047000113409
word_001596.png,TOKYO,20,0.3549196124076843,False,5,1.0,0.6198446000053082
word_001597.png,SALE,SALE,0.9999406337738037,True,0,0.0,0.6861212000076193
word_001598.png,RIBEC,MIBECA,0.8765852451324463,False,2,0.4,0.6916035999893211
word_001599.png,SALE,SALE,0.9985646605491638,True,0,0.0,0.7021455000212882
word_001600.png,FURTHER,FURTHER,0.9999699592590332,True,0,0.0,0.6560410000092816
word_001601.png,DISCOUNTS,DISCOUNTS,0.9998786449432373,True,0,0.0,0.642551299999468
word_001602.png,FOREVER,FOREVER,0.9999428987503052,True,0,0.0,0.6672268999973312
word_001603.png,FORE ER,FUREER,0.9812221527099609,False,2,0.2857142857142857,0.8640013000112958
word_001604.png,epiCentre,epicentre,0.9466216564178467,False,1,0.1111111111111111,0.8308498999977019
word_001605.png,VICTORIA'S,VICTORIA'S,0.9998332262039185,True,0,0.0,0.6921787000028417
word_001606.png,SECRET,SECRET,0.9999918937683105,True,0,0.0,0.6494561999861617
word_001607.png,VICTORIAS,VICTORLA'S,0.9639264941215515,False,2,0.2222222222222222,0.6819452000199817
word_001608.png,SECRET,SECRET,0.9537175297737122,True,0,0.0,0.607857100025285
word_001609.png,VICTORIA'S,VICTORIA'S,0.9995848536491394,True,0,0.0,0.5822967999847606
word_001610.png,VICTORIA'S,VICTORIA'S,0.9999445676803589,True,0,0.0,0.6621928999957163
word_001611.png,VICTORIA'S,VICTORIA'S,0.999353289604187,True,0,0.0,0.6701846999931149
word_001612.png,VICTORIA'S,VICTORIA'S,0.9671021699905396,True,0,0.0,0.5393977999920025
word_001613.png,SECRET,SECRET,0.9999935626983643,True,0,0.0,0.6712149000086356
word_001614.png,SECRET,SECRET,0.9999940991401672,True,0,0.0,0.6823177000042051
word_001615.png,SECRET,SECRET,0.9994843006134033,True,0,0.0,0.6545199999818578
word_001616.png,SALE,SALE,0.9999962449073792,True,0,0.0,0.656011800019769
word_001617.png,SALE,SALE,0.9999961256980896,True,0,0.0,0.6034461000235751
word_001618.png,SALE,SALE,0.9999960064888,True,0,0.0,0.6706237999896985
word_001619.png,SALE,SALE,0.9999766945838928,True,0,0.0,0.6747404999914579
word_001620.png,REDEMPTION,REDEMPTION,0.9462776184082031,True,0,0.0,0.7365763999987394
word_001621.png,EIC,E,0.7056359052658081,False,2,0.6666666666666666,0.6297981000097934
word_001622.png,CLUB313,CLUB313,0.999712347984314,True,0,0.0,0.6260342999885324
word_001623.png,CONCIERGE,21,0.3106909990310669,False,9,1.0,0.6376593000022694
word_001624.png,313,313,0.9721497893333435,True,0,0.0,0.689397000009194
word_001625.png,LAMY,LAMY,0.9949415326118469,True,0,0.0,0.6094319999974687
word_001626.png,CITY,CITY,0.9999330639839172,True,0,0.0,0.6664027000078931
word_001627.png,AIN,AIN,0.9999106526374817,True,0,0.0,0.6407761999871582
word_001628.png,YELLOW,YELLOW,0.99993497133255,True,0,0.0,0.6866978999751154
word_001629.png,SPA,,0.0,False,3,1.0,0.6441295000258833
word_001630.png,SYMPHONY,SYMPHORY,0.8411915302276611,False,1,0.125,0.7080735999916214
word_001631.png,CHABU,H,0.9924947023391724,False,4,0.8,0.6977017000026535
word_001632.png,CHANBUTON,CHABUTON,0.9999482035636902,False,1,0.1111111111111111,0.7135752000031061
word_001633.png,EXIT,EXIT,0.9999918937683105,True,0,0.0,0.6752821000118274
word_001634.png,CHABUTON,CHABUTON,0.9999856948852539,True,0,0.0,0.6913161000120454
word_001635.png,end,end,0.9967252612113953,True,0,0.0,0.6783172000141349
word_001636.png,seas,Seaser,0.5444038510322571,False,3,0.75,0.6757906999846455
word_001637.png,Deals,Deals,0.9999454617500305,True,0,0.0,0.7281442000239622
word_001638.png,Set,Set,0.9927141070365906,True,0,0.0,0.6593037999991793
word_001639.png,KITCHEN,KITCHIN,0.9429498314857483,False,1,0.14285714285714285,0.6048747999884654
word_001640.png,Chicken,Chicken,0.9997928738594055,True,0,0.0,0.684904199995799
word_001641.png,HOLIDAY,HOLIDAY,0.982043445110321,True,0,0.0,0.637157399993157
word_001642.png,PLATTER,PLATTER,0.9998116493225098,True,0,0.0,0.6324594999896362
word_001643.png,.50,.50,0.9979536533355713,True,0,0.0,0.5763957000162918
word_001644.png,CANDY,CANDY,0.9999925494194031,True,0,0.0,0.6339387000189163
word_001645.png,EMPIRE,EMPIRE,0.9998899102210999,True,0,0.0,0.6079174000187777
word_001646.png,HOLIDAY,HOLIDAY,0.9989172220230103,True,0,0.0,0.6351538000162691
word_001647.png,PLATTER,PLATTER,0.99996417760849,True,0,0.0,0.6343080000078771
word_001648.png,"$5,50",$5.50,0.9947493672370911,False,1,0.2,0.7265782999747898
word_001649.png,CANDY,CANDY,0.9992758631706238,True,0,0.0,0.7902769999927841
word_001650.png,SELLERS,SELLERS,0.9989864230155945,True,0,0.0,0.7026623999990989
word_001651.png,EXIT,EXIT,0.9999772310256958,True,0,0.0,0.7018129999923985
word_001652.png,GALAXY,CALAXY,0.9744957089424133,False,1,0.16666666666666666,0.6361240999831352
word_001653.png,AMSUNG,AMSUNG,0.9991099238395691,True,0,0.0,0.6428374999959487
word_001654.png,OWNDAYS,OWNDAYS,0.9999642968177795,True,0,0.0,0.6382990999845788
word_001655.png,EXIT,EXIT,0.9999842643737793,True,0,0.0,0.5833886000036728
word_001656.png,#B2-02/03,#B2-02/03,0.993047297000885,True,0,0.0,0.7305086000123993
word_001657.png,Saboten,Saboten,0.9999921917915344,True,0,0.0,0.6997970000084024
word_001658.png,TOAST,TOAST,0.9999807476997375,True,0,0.0,0.6384577999997418
word_001659.png,BOX,BOX,0.9465141892433167,True,0,0.0,0.5872066000010818
word_001660.png,More,More,0.9822086095809937,True,0,0.0,0.5957263000018429
word_001661.png,GET,GET,0.9999955296516418,True,0,0.0,0.6392346000066027
word_001662.png,JAY,JAY,0.999993622303009,True,0,0.0,0.623503900016658
word_001663.png,GEE,GEE,0.9999904632568359,True,0,0.0,0.5831878999888431
word_001664.png,CARD,CARD,0.9999926090240479,True,0,0.0,0.6180828999786172
word_001665.png,70%OFF,70%,0.999943733215332,False,3,0.5,0.5962227999989409
word_001666.png,SALE,SALE,0.9999735951423645,True,0,0.0,0.6591135000053328
word_001667.png,YOUR,YOUR,0.9999774694442749,True,0,0.0,0.6050504999875557
word_001668.png,$100,$100,0.9970734119415283,True,0,0.0,0.6522050999919884
word_001669.png,VOUCHER,VOUCHER,0.9999402165412903,True,0,0.0,0.5847156000090763
word_001670.png,citibank,citibank,0.9888986945152283,True,0,0.0,0.6093066000030376
word_001671.png,SALE,SALE,0.9998883008956909,True,0,0.0,0.6166405999974813
word_001672.png,MERRY,MERRY,0.9997962117195129,True,0,0.0,0.6315667000017129
word_001673.png,NOW,NOW,0.9033580422401428,True,0,0.0,0.6022601000149734
word_001674.png,SALE,SALE,0.9998917579650879,True,0,0.0,0.6194894000072964
word_001675.png,70%OFF,70%,0.999835193157196,False,3,0.5,0.58422759998939
word_001676.png,SALE,SALE,0.9999517798423767,True,0,0.0,0.6083736000000499
word_001677.png,MERRY,MERRY,0.9988960027694702,True,0,0.0,0.6046900000073947
word_001678.png,SALE,SALE,0.9977836012840271,True,0,0.0,0.6134565999964252
word_001679.png,$108,$108,0.9993245601654053,True,0,0.0,0.602337999996962
word_001680.png,dENiZEN,deNizen,0.8099623918533325,False,4,0.5714285714285714,0.58176159998402
word_001681.png,$150,$150,0.9442917108535767,True,0,0.0,0.6172150000056718
word_001682.png,SAMSUNG,SAMSUNG,0.9999637603759766,True,0,0.0,0.6180469000246376
word_001683.png,Tokyo,Tokyo,0.9665039777755737,True,0,0.0,0.6391426999762189
word_001684.png,Louisiana,Louisiana,0.9907016754150391,True,0,0.0,0.6797976999951061
word_001685.png,EXIT,EXIT,0.9999862909317017,True,0,0.0,0.6073834999988321
word_001686.png,CANDY,CANDY,0.9999774694442749,True,0,0.0,0.6070600000093691
word_001687.png,POPEVES,POPEVES,0.9894397854804993,True,0,0.0,0.6607570000051055
word_001688.png,Kitchen,Kitchan,0.9949980974197388,False,1,0.14285714285714285,0.689796299993759
word_001689.png,orchardgateway,orchardgateway,0.9995411038398743,True,0,0.0,0.8819659000146203
word_001690.png,THE,THE,0.9999765753746033,True,0,0.0,0.6336701000109315
word_001691.png,BODY,BODY,0.9999884963035583,True,0,0.0,0.6078187999955844
word_001692.png,GOOD,GOOD,0.9999727606773376,True,0,0.0,0.6315350999939255
word_001693.png,SALE,SALE,0.9992337226867676,True,0,0.0,0.6844711000157986
word_001694.png,SAL,SAL,0.981579601764679,True,0,0.0,0.6843838000204414
word_001695.png,Underground,Underground,0.9912423491477966,True,0,0.0,0.8253822999831755
word_001696.png,SALE,SALE,0.999967098236084,True,0,0.0,0.7643332000006922
word_001697.png,WAKA,WAKAI,0.9990428686141968,False,1,0.25,0.677993699995568
word_001698.png,ground,ground,0.999934732913971,True,0,0.0,0.6686180999968201
word_001699.png,WAKA,WAKAI,0.9990459680557251,False,1,0.25,0.6438086999987718
word_001700.png,SALE,SALE,0.999954342842102,True,0,0.0,0.6238940999901388
word_001701.png,Underground,Underground,0.9959785342216492,True,0,0.0,0.6235644000116736
word_001702.png,Louis,Louis,0.9991950988769531,True,0,0.0,0.665544499992393
word_001703.png,orchardgateway,orchardgateway,0.9997774958610535,True,0,0.0,0.7561108999943826
word_001704.png,@emerold,aemerald,0.9387771487236023,False,2,0.25,0.6041734000027645
word_001705.png,natural,natural,0.9863809943199158,True,0,0.0,0.6132793999859132
word_001706.png,Crate&Barrel,Crate&Barel,0.9653577208518982,False,1,0.08333333333333333,0.6875664000108372
word_001707.png,the,the,0.7073819637298584,True,0,0.0,0.6527496000053361
word_001708.png,underground,underground,0.9999966025352478,True,0,0.0,0.6056830000015907
word_001709.png,fashion,fashion,0.9623974561691284,True,0,0.0,0.6435169999895152
word_001710.png,street,street,0.9999012351036072,True,0,0.0,0.5870871999941301
word_001711.png,Blush!,DOT,0.4892514944076538,False,6,1.0,0.6052552000037394
word_001712.png,starts,starts,0.9969674944877625,True,0,0.0,0.6934916999889538
word_001713.png,Price,Price,0.9962250590324402,True,0,0.0,0.6052550000022165
word_001714.png,SERVICE,SERVICE,0.9999884963035583,True,0,0.0,0.6123428999853786
word_001715.png,BATTERY,BATTERY,0.9999827742576599,True,0,0.0,0.6860000000160653
word_001716.png,"STRAPS,","STRAPS,",0.9999815225601196,True,0,0.0,0.7528199000225868
word_001717.png,WATCH,WATCH,0.9999917149543762,True,0,0.0,0.7450791000155732
word_001718.png,from,from,0.9842391014099121,True,0,0.0,0.6287757999962196
word_001719.png,$10,$10,0.9854328036308289,True,0,0.0,0.6681120999855921
word_001720.png,CASIO,CASIO,0.9701382517814636,True,0,0.0,0.6650560999987647
word_001721.png,GREAT,GREAT,0.9999483227729797,True,0,0.0,0.6434828999917954
word_001722.png,LUMI,LUMI,0.9998232126235962,True,0,0.0,0.6354720999952406
word_001723.png,NOX,NOX,0.9985199570655823,True,0,0.0,0.6270471000170801
word_001724.png,SWISS,SWISS,0.9993780255317688,True,0,0.0,0.6751904999837279
word_001725.png,MADE,MADE,0.9999752640724182,True,0,0.0,0.6871018999954686
word_001726.png,SALE,SALE,0.9999961853027344,True,0,0.0,0.7382276999996975
word_001727.png,Luminox,Luminox,0.9989794492721558,True,0,0.0,0.6952454999845941
word_001728.png,GEAR,GEAR,0.9998245239257812,True,0,0.0,0.6358699999982491
word_001729.png,ALWAYS,ALWAYS,0.9996016025543213,True,0,0.0,0.7119975000096019
word_001730.png,VISIBLE,VISIBLE,0.9963611960411072,True,0,0.0,0.685062900010962
word_001731.png,COLDWEAR,COLDWEAR,0.9998601675033569,True,0,0.0,0.6174535000172909
word_001732.png,COLDWEAR,,0.0,False,8,1.0,0.8131204000092112
word_001733.png,SALE,SALE,0.9607499241828918,True,0,0.0,0.6437776999955531
word_001734.png,SUPER,SUPER,0.999981701374054,True,0,0.0,0.6553411000058986
word_001735.png,SALE,SALE,0.9999834895133972,True,0,0.0,0.6229316999961156
word_001736.png,OMG!,OMG!,0.901146650314331,True,0,0.0,0.7110453000059351
word_001737.png,HER,HER,0.9999799132347107,True,0,0.0,0.671742299979087
word_001738.png,BEEGA,BOTEGA,0.9196160435676575,False,2,0.4,0.6653256999852601
word_001739.png,SALE,SALE,0.9997674226760864,True,0,0.0,0.6502677999960724
word_001740.png,OFF,OFF,0.8046181797981262,True,0,0.0,0.7498937000054866
word_001741.png,UNDER,UNDER,0.9998524785041809,True,0,0.0,0.8546337999869138
word_001742.png,ARMOUR,ARMOUR,0.9999733567237854,True,0,0.0,0.6571360000234563
word_001743.png,DOROTHYPERKINS,1,0.19306457042694092,False,14,1.0,0.6165239999827463
word_001744.png,PERKINS,PERKINS,0.999022901058197,True,0,0.0,0.6670657999929972
word_001745.png,#01-12,#01-12,0.9919554591178894,True,0,0.0,0.6658851999964099
word_001746.png,LEVEL,PEIE,0.42576831579208374,False,3,0.6,0.6152552000130527
word_001747.png,your,your,0.9999488592147827,True,0,0.0,0.6279055000049993
word_001748.png,way,way,0.9951446056365967,True,0,0.0,0.6739611999946646
word_001749.png,after,after,0.9963254928588867,True,0,0.0,0.5908777999866288
word_001750.png,shopping!,shopping!,0.9889260530471802,True,0,0.0,0.6597825000062585
word_001751.png,CHOCOOLATE,201,0.35088157653808594,False,10,1.0,0.6200087000033818
word_001752.png,indulge,indulge,0.9969075322151184,True,0,0.0,0.6531980999861844
word_001753.png,313@somerset,313@somerset,0.9998307228088379,True,0,0.0,0.6837285000074189
word_001754.png,OLATE,20,0.218727707862854,False,5,1.0,0.6469940000097267
word_001755.png,Marché,Marché,0.9364199042320251,True,0,0.0,0.6752333999902476
word_001756.png,BAR,BAR,0.953580379486084,True,0,0.0,0.5752693999966141
word_001757.png,EXIT,EXIT,0.9998230934143066,True,0,0.0,0.6676677000068594
word_001758.png,Malones,Malones,0.9850953817367554,True,0,0.0,0.6341213000123389
word_001759.png,IRISH,IRISH,0.9999561309814453,True,0,0.0,0.6905710999853909
word_001760.png,RESTAURANT,RESTAURANT,0.9999194145202637,True,0,0.0,0.6694848999904934
word_001761.png,BAR,BAR,0.9999977946281433,True,0,0.0,0.6755561000027228
word_001762.png,Asia's,Asia's,0.999884307384491,True,0,0.0,0.6124106000061147
word_001763.png,ORCHAR,ORCHAR,0.99998539686203,True,0,0.0,0.6552800000063144
word_001764.png,Trans,Trans,0.9999610185623169,True,0,0.0,0.6405410999723244
word_001765.png,SK-II,SK-II,0.9916089773178101,True,0,0.0,0.6661157000053208
word_001766.png,GRANGE,GRANGE,0.9998108744621277,True,0,0.0,0.6900449999957345
word_001767.png,First,First,0.9997618794441223,True,0,0.0,0.6758313000027556
word_001768.png,Supermodel,Supermodel,0.999965488910675,True,0,0.0,0.6484794999996666
word_001769.png,And,And,0.9999973177909851,True,0,0.0,0.6760799000039697
word_001770.png,Taiwanese,Taiwanese,0.9999430179595947,True,0,0.0,0.6348250000155531
word_001771.png,Actor,Actor,0.9999581575393677,True,0,0.0,0.619091100001242
word_001772.png,Mandarin,,0.0,False,8,1.0,0.6305479000147898
word_001773.png,Mandarin,Mandarin,0.9999885559082031,True,0,0.0,0.6849382000218611
word_001774.png,Gallery,Gallery,0.9999915361404419,True,0,0.0,0.6316004999971483
word_001775.png,MULBERRY,MULBERRY,0.9968281388282776,True,0,0.0,0.7092232000140939
word_001776.png,BREAD,BREAD,0.9999808073043823,True,0,0.0,0.7036352999857627
word_001777.png,BUTTER,BUTTER,0.9999707341194153,True,0,0.0,0.5777486999868415
word_001778.png,EXODUS,EXODUS,0.9999517798423767,True,0,0.0,0.7277825999772176
word_001779.png,SHOWING,SHOWING,0.9999881982803345,True,0,0.0,0.6804226000094786
word_001780.png,NOW,NOW,0.9981581568717957,True,0,0.0,0.6711216000257991
word_001781.png,SHOWING,SHOWING,0.9999713897705078,True,0,0.0,0.6115681999945082
word_001782.png,NOW,NOW,0.9999494552612305,True,0,0.0,0.6326511999941431
word_001783.png,EXIT,EXIT,0.9999816417694092,True,0,0.0,0.6812994999927469
word_001784.png,AND,AND,0.9999653697013855,True,0,0.0,0.6892619999998715
word_001785.png,KINOS,KINGS,0.9283235669136047,False,1,0.2,0.6537943000148516
word_001786.png,SHOWING,SHOVING,0.9350926280021667,False,1,0.14285714285714285,0.8389159000071231
word_001787.png,SERENA,SERENA,0.9999730587005615,True,0,0.0,0.7205489999905694
word_001788.png,NOW,NOW,0.9996429085731506,True,0,0.0,0.6410705999878701
word_001789.png,HOBBIT,HoBerT,0.804180383682251,False,3,0.5,0.578507800004445
word_001790.png,PACT,PACT,0.9999902248382568,True,0,0.0,0.6361579999793321
word_001791.png,NOW,NOW,0.9998398423194885,True,0,0.0,0.6194539999996778
word_001792.png,SHOWING,SHOWING,0.9999354481697083,True,0,0.0,0.6042204000113998
word_001793.png,SEVENTH,SEVENTH,0.9848748445510864,True,0,0.0,0.6682395999960136
word_001794.png,PUTEH,PUTEH,0.999820351600647,True,0,0.0,0.6228292000014335
word_001795.png,INTO,INTO,0.9994741678237915,True,0,0.0,0.6215037000074517
word_001796.png,THE,THE,0.9999319911003113,True,0,0.0,0.6207682999956887
word_001797.png,KACHANG,KACHANG,0.9999960064888,True,0,0.0,0.6611065000179224
word_001798.png,reaL,PO,0.8089585900306702,False,4,1.0,0.6826969000103418
word_001799.png,EXIT,EXIT,0.9999585151672363,True,0,0.0,0.6462500999914482
word_001800.png,SON,SON,0.9990823864936829,True,0,0.0,0.5989368000009563
word_001801.png,EVERYTHING,EVERYTHING,0.9999518394470215,True,0,0.0,0.771169599989662
word_001802.png,THEORY,THEORY,0.9999721646308899,True,0,0.0,0.6951809000165667
word_001803.png,INTO,INTO,0.9993046522140503,True,0,0.0,0.6163543000002392
word_001804.png,THE,THE,0.9999645352363586,True,0,0.0,0.6370417999860365
word_001805.png,WOODS,WOODS,0.9997854232788086,True,0,0.0,0.6696882000251208
word_001806.png,CATHAY,CATHAY,0.9999587535858154,True,0,0.0,0.6187006999971345
word_001807.png,real,10,0.3828766942024231,False,4,1.0,0.6883047000155784
word_001808.png,CINEMAS,CINEMAS,0.999755859375,True,0,0.0,0.591879899991909
word_001809.png,JANUARY 8,JANUARY8,0.9997900128364563,False,1,0.1111111111111111,0.6555663000035565
word_001810.png,CATHA,CATHAY,0.9936442375183105,False,1,0.2,0.628735999984201
word_001811.png,JAN,JAN 205,0.9473897218704224,False,4,1.3333333333333333,0.6567066000134218
word_001812.png,CATHAY,CATHAY,0.9999914169311523,True,0,0.0,0.6798072000092361
word_001813.png,THEORY,THEORY,0.9999790191650391,True,0,0.0,0.6523097999743186
word_001814.png,EVERYTHING,EVERYTHING,0.9998716115951538,True,0,0.0,0.9404602999857161
word_001815.png,CINEMAS,CINEMAS,0.9984357953071594,True,0,0.0,0.6889174999960233
word_001816.png,JANUARY,JANUARY,0.9999629855155945,True,0,0.0,0.7698724999791011
word_001817.png,MORTDECAI,MORTDECAT,0.9583722352981567,False,1,0.1111111111111111,0.6706799000094179
word_001818.png,MORTDECAI,MORTDECAI,0.999920129776001,True,0,0.0,0.6881558999884874
word_001819.png,CATHAY,CATHAY,0.9999455809593201,True,0,0.0,0.7352372000168543
word_001820.png,CINEPLEXES,CINEPLEXES,0.9998189806938171,True,0,0.0,0.6018144999979995
word_001821.png,JANUARY,JANUARY,0.9999188184738159,True,0,0.0,0.5839187000237871
word_001822.png,SOPHISTICATION,SOPHISTICATION,0.9799529314041138,True,0,0.0,0.6675729000126012
word_001823.png,NAM,NAME,0.944155752658844,False,1,0.3333333333333333,0.624214799987385
word_001824.png,SHOWING,SHOWING,0.9999788999557495,True,0,0.0,0.6700150000106078
word_001825.png,EXODUS,EXODUS,0.9997902512550354,True,0,0.0,0.8289367000106722
word_001826.png,NEXT,NEXT,0.9414080381393433,True,0,0.0,0.6326796000066679
word_001827.png,NOW,NOW,0.9917486310005188,True,0,0.0,0.6704510999843478
word_001828.png,TAKEN,202,0.3038747310638428,False,5,1.0,0.6120029000157956
word_001829.png,SHOWING,SHOWANG,0.9110532999038696,False,1,0.14285714285714285,0.6263557999918703
word_001830.png,EXIT,EXIT,0.999993085861206,True,0,0.0,0.6536019000050146
word_001831.png,CHARLIE,CHARLIE,0.9999863505363464,True,0,0.0,0.8245550999999978
word_001832.png,BROWN,BROWN,0.9998939633369446,True,0,0.0,0.6932986000028905
word_001833.png,epper,epper,0.9999876022338867,True,0,0.0,0.5946605000062846
word_001834.png,Lunch,Lunch,0.9999973177909851,True,0,0.0,0.6285065000120085
word_001835.png,BROWN,,0.0,False,5,1.0,0.6439016000076663
word_001836.png,CHAXLIE,a,0.15381458401679993,False,7,1.0,0.6521654999814928
word_001837.png,CHARLIE,CHARLIE,0.9998493194580078,True,0,0.0,0.6208734000101686
word_001838.png,BROWN,BROWN,0.9999707341194153,True,0,0.0,0.6551664999860805
word_001839.png,CATHAY,CATHAY,0.9999567866325378,True,0,0.0,0.6723195999802556
word_001840.png,real,PO,0.7154055833816528,False,4,1.0,0.6790123000100721
word_001841.png,real,Pa0,0.4472312033176422,False,3,0.75,0.6409821000124793
word_001842.png,real,POO,0.6670034527778625,False,4,1.0,0.6522742999950424
word_001843.png,CINEPLE,CINEPLEX,0.9999055862426758,False,1,0.14285714285714285,0.6102609999943525
word_001844.png,Free,Fre:,0.9431278109550476,False,1,0.25,0.6764315999753308
word_001845.png,Movie,Movie,0.88502436876297,True,0,0.0,0.6082395000266843
word_001846.png,GENTLEMEN'S,GENTLEMEN'S,0.9192087650299072,True,0,0.0,0.6372231999994256
word_001847.png,OUTFITTERS,OUTFITTERS,0.9976447820663452,True,0,0.0,0.6411497000080999
word_001848.png,READY,READY,0.9998024106025696,True,0,0.0,0.6159387000079732
word_001849.png,MADE,MADE,0.9988806247711182,True,0,0.0,0.6401699999987613
word_001850.png,MADE,MADE,0.9999469518661499,True,0,0.0,0.6500869000155944
word_001851.png,psb,psb,0.999479353427887,True,0,0.0,0.657951300003333
word_001852.png,months,months,0.9999897480010986,True,0,0.0,0.7038019000028726
word_001853.png,after,after,0.9999992251396179,True,0,0.0,0.6187644000165164
word_001854.png,time,time,0.9950724840164185,True,0,0.0,0.6730447000009008
word_001855.png,psb,psb,0.9989181160926819,True,0,0.0,0.6064200999971945
word_001856.png,diploma,diploma,0.9999550580978394,True,0,0.0,0.6287488999951165
word_001857.png,FLESHIMP.,FLESHIMP.,0.998744010925293,True,0,0.0,0.6253566000086721
word_001858.png,ROUND,ROUND,0.9997995495796204,True,0,0.0,0.6270763000065926
word_001859.png,DAY,DAY,0.9999744296073914,True,0,0.0,0.6171266000019386
word_001860.png,ALL,ALL,0.9998867511749268,True,0,0.0,0.6559349999879487
word_001861.png,YEAR,YEAR,0.9918928146362305,True,0,0.0,0.5783629999787081
word_001862.png,WHOLE,WHOLE,0.9999459981918335,True,0,0.0,0.6446021000156179
word_001863.png,WWW.,www.,0.6415536403656006,False,3,0.75,0.6270242999889888
word_001864.png,COM,COM,0.999978244304657,True,0,0.0,0.5961019000096712
word_001865.png,TAMANIA,TAMANIA,0.9997289776802063,True,0,0.0,0.6283698000188451
word_001866.png,FESTIVE,FESTIVE,0.9999723434448242,True,0,0.0,0.6765572000003885
word_001867.png,SALE,SALE,0.9999576807022095,True,0,0.0,0.6146031000243966
word_001868.png,BOARDS,ROAROS,0.8390028476715088,False,2,0.3333333333333333,0.613452799996594
word_001869.png,SINGAPORE'S,SINGAPORE'S,0.9558735489845276,True,0,0.0,0.6268992000259459
word_001870.png,PREMIER,PREMIER,0.999782383441925,True,0,0.0,0.6703578000015114
word_001871.png,ONLINE,ONLINE,0.9999074935913086,True,0,0.0,0.5999216000200249
word_001872.png,SKATE,SKATE,0.9999866485595703,True,0,0.0,0.6426727999933064
word_001873.png,STORE,STORE,0.9999755620956421,True,0,0.0,0.6805030999821611
word_001874.png,OFFICE,OFFICE,0.9999610781669617,True,0,0.0,0.6360681999940425
word_001875.png,Show,Show,0.9999731779098511,True,0,0.0,0.6535376000101678
word_001876.png,Our,Our,0.9997252821922302,True,0,0.0,0.6504241999937221
word_001877.png,President's,President's,0.9999948740005493,True,0,0.0,0.7233614999859128
word_001878.png,Challenge,Challenge,0.9999968409538269,True,0,0.0,0.7970099000085611
word_001879.png,DONATE,DONATE,0.9999917149543762,True,0,0.0,0.7397104999981821
word_001880.png,Bit.,Bit.,0.9740116000175476,True,0,0.0,0.651263999985531
word_001881.png,Care.,Care.,0.9999620318412781,True,0,0.0,0.6503860999946482
word_001882.png,sticky,sticky,0.9999623894691467,True,0,0.0,0.6392212999926414
word_001883.png,CHE  S,ciers,0.7529434561729431,False,6,1.0,0.5847522999974899
word_001884.png,IES,ereces,0.8241710662841797,False,6,2.0,0.6925211999914609
word_001885.png,LEVE,Level,0.9543220400810242,False,4,1.0,0.654162599996198
word_001886.png,HYPERION,201,0.4632624685764313,False,8,1.0,0.619351999979699
word_001887.png,00:00 9,0000,0.9214578866958618,False,3,0.42857142857142855,0.6301846000133082
word_001888.png,Cafe,Cafe,0.9999733567237854,True,0,0.0,0.6257251999923028
word_001889.png,SEOULGARDEN,SEOULGARDEN,0.9974271655082703,True,0,0.0,0.6584388999908697
word_001890.png,HotPot,HotPot,0.9999343752861023,True,0,0.0,0.589982700010296
word_001891.png,clearing,clearing,0.999976396560669,True,0,0.0,0.6069962999899872
word_001892.png,station,station,0.9967857003211975,True,0,0.0,0.6161011999938637
word_001893.png,service,service,0.9079769849777222,True,0,0.0,0.6649930000130553
word_001894.png,Haina,Haing,0.9182712435722351,False,1,0.2,0.6186800999857951
word_001895.png,Chicken,Chicken,0.999843180179596,True,0,0.0,0.5791883000056259
word_001896.png,with,with,0.9992154836654663,True,0,0.0,0.6046916000195779
word_001897.png,Fish,Fish,0.9999951124191284,True,0,0.0,0.6505577000207268
word_001898.png,tree,tree,0.999997615814209,True,0,0.0,0.5994805000082124
word_001899.png,POTATOES,POTATOES,0.9997072219848633,True,0,0.0,0.6415654000011273
word_001900.png,GAMES,RAMA2,0.6628533601760864,False,3,0.6,0.6621042000188027
word_001901.png,HUNGER,HGER,0.8411999940872192,False,2,0.3333333333333333,0.7654507999832276
word_001902.png,STARBUCKS,STARBUCKS,0.9974789023399353,True,0,0.0,0.8174509000091348
word_001903.png,Lunch,Lunch,0.9999961853027344,True,0,0.0,0.6474134000018239
word_001904.png,crunchy,crunchy,0.9988095164299011,True,0,0.0,0.6308049999934155
word_001905.png,Freshly,freshly,0.9436736702919006,False,1,0.14285714285714285,0.750328800000716
word_001906.png,Specials,Specials,0.9999921917915344,True,0,0.0,0.7451298999949358
word_001907.png,EBATE,EBATE,0.9999815225601196,True,0,0.0,0.7085616999829654
word_001908.png,SALE,SALE,0.9996137619018555,True,0,0.0,0.7303051000053529
word_001909.png,GIO,WATINGFOR,0.9656503200531006,False,7,2.3333333333333335,0.7226266999787185
word_001910.png,ENJOY,ENJOY,0.9999904632568359,True,0,0.0,0.6999792999995407
word_001911.png,HERE,HERE,0.9999852776527405,True,0,0.0,0.6391867999918759
word_001912.png,OCBC,OCBC,0.9998642206192017,True,0,0.0,0.6103827000188176
word_001913.png,Bank,Bank,0.9999974966049194,True,0,0.0,0.6171738999837544
word_001914.png,SALE,SALE,0.9999873042106628,True,0,0.0,0.6062804000102915
word_001915.png,PERSONAL,PERSONAL,0.999977707862854,True,0,0.0,0.665628699993249
word_001916.png,SHOPPING,SHOPPING,0.9999768733978271,True,0,0.0,0.6684978999837767
word_001917.png,LEVEL,LEVEL,0.9999902844429016,True,0,0.0,0.6057425999897532
word_001918.png,LEVEL,LEVEL,0.9999834299087524,True,0,0.0,0.6787729999923613
word_001919.png,LEVEL,LEVEL,0.9999809265136719,True,0,0.0,0.6992386999772862
word_001920.png,LEVEL,LEVEL,0.999975323677063,True,0,0.0,0.6445813000027556
word_001921.png,Wear,Wear,0.9984691143035889,True,0,0.0,0.620466899999883
word_001922.png,Women's,Women's,0.9992285966873169,True,0,0.0,0.7559734999958891
word_001923.png,Wear,Wear,0.9983382225036621,True,0,0.0,0.9113508999871556
word_001924.png,Book,Bogs,0.9731026291847229,False,2,0.5,0.7666735000093468
word_001925.png,Concierge,Concierge,0.9977848529815674,True,0,0.0,0.6987469000159763
word_001926.png,Kitchen,Kitchen,0.9885225296020508,True,0,0.0,0.5953023000038229
word_001927.png,Ladies,Ladies,0.9860484004020691,True,0,0.0,0.5785278000112157
word_001928.png,FROM,,0.0,False,4,1.0,0.6887857000110671
word_001929.png,TOPSHOP,TOPSHOP,0.9999914169311523,True,0,0.0,0.5951265000039712
word_001930.png,price,price,0.9999448657035828,True,0,0.0,0.5805265000090003
word_001931.png,sale,sale,0.8893105983734131,True,0,0.0,0.5953241999959573
word_001932.png,SPA,SPA,0.9999960064888,True,0,0.0,0.652347600000212
word_001933.png,NAIL,NAIL,0.9996069669723511,True,0,0.0,0.6218438000069
word_001934.png,EXR,EXR,0.9994003176689148,True,0,0.0,0.6730576000118162
word_001935.png,JIM,JIM,0.9779886603355408,True,0,0.0,0.633386800007429
word_001936.png,FUJIFILM,FUJIFILM,0.9992715716362,True,0,0.0,0.6080109000031371
word_001937.png,EVERLAST,EVERLAST,0.9833493232727051,True,0,0.0,0.6267441000090912
word_001938.png,EXR,EXR,0.9996590614318848,True,0,0.0,0.6346398000023328
word_001939.png,SEA,SEA,0.999978244304657,True,0,0.0,0.6410667999880388
word_001940.png,BLUE,BLUE,0.9999236464500427,True,0,0.0,0.6394870999793056
word_001941.png,EVEN,EVEN,0.9999847412109375,True,0,0.0,0.6570392999856267
word_001942.png,THE,THE,0.9999926090240479,True,0,0.0,0.6596655000175815
word_001943.png,DEEP,DEEP,0.9999216794967651,True,0,0.0,0.651345999998739
word_001944.png,NOT,NOT,0.9999464154243469,True,0,0.0,0.6737436999974307
word_001945.png,100,100,0.9998760223388672,True,0,0.0,0.574640000006184
word_001946.png,CAN,CAN,0.9999403953552246,True,0,0.0,0.6336136000172701
word_001947.png,STOP,STOP,0.9999528527259827,True,0,0.0,0.6596732000180054
word_001948.png,US.,US.,0.9976396560668945,True,0,0.0,0.66069650001009
word_001949.png,cook,cook,0.99233478307724,True,0,0.0,0.6456822000036482
word_001950.png,SOMA,SOMA,0.9999780654907227,True,0,0.0,0.6087024000007659
word_001951.png,BODISCIENCES,BODISCIENCES,0.9997723698616028,True,0,0.0,0.6156986000132747
word_001952.png,MIND,MIND,0.9971977472305298,True,0,0.0,0.6914499000122305
word_001953.png,FACE,FACE,0.940299928188324,True,0,0.0,0.5704305999970529
word_001954.png,Stay,stdy,0.8022738099098206,False,2,0.5,0.6099896999949124
word_001955.png,REVERSE,REVERSE,0.9997836351394653,True,0,0.0,0.6611652999999933
word_001956.png,AGEING,AGEING,0.9997358918190002,True,0,0.0,0.6041793000185862
word_001957.png,LIFE,LIFE,0.9846547842025757,True,0,0.0,0.621908999979496
word_001958.png,MASTER,MASTER,0.9997179508209229,True,0,0.0,0.6281945999944583
word_001959.png,DEAN,DEAN,0.9999918341636658,True,0,0.0,0.6547194000158925
word_001960.png,OFF,OFF,0.9999871850013733,True,0,0.0,0.6368801000062376
word_001961.png,SEASON,SEASON,0.9999591708183289,True,0,0.0,0.5811001999827567
word_001962.png,SALE,SALE,0.9999814629554749,True,0,0.0,0.6301023000269197
word_001963.png,60%,60%,0.9996402263641357,True,0,0.0,0.5933627000194974
word_001964.png,WESC,wesc,0.9764092564582825,False,4,1.0,0.6256776000082027
word_001965.png,DOUG,OU,0.7978531718254089,False,2,0.5,0.6858398000185844
word_001966.png,THE,THE,0.9999920725822449,True,0,0.0,0.6003917999914847
word_001967.png,PLEATATION,PLEATATION,0.9999598264694214,True,0,0.0,0.6753020999894943
word_001968.png,EXCITING,EXCITING,0.999984622001648,True,0,0.0,0.6692102999950293
word_001969.png,SHOPS,SHOPS,0.9999872446060181,True,0,0.0,0.7155000999919139
word_001970.png,COMING,COMING,0.9999833106994629,True,0,0.0,0.8064952999993693
word_001971.png,NEW,NEW,0.9999828338623047,True,0,0.0,0.6564512999902945
word_001972.png,ARALD11930,ARALD11930,0.9791512489318848,True,0,0.0,0.6653411999868695
word_001973.png,CAFE,CAFE,0.9999831914901733,True,0,0.0,0.6219720000226516
word_001974.png,MONDO,MONDO,0.9999577403068542,True,0,0.0,0.6633061000029556
word_001975.png,CENTRAL,CENTRAL,0.9999709129333496,True,0,0.0,0.6704565999971237
word_001976.png,HONG,HONG,0.999893069267273,True,0,0.0,0.6512011999730021
word_001977.png,KONG,KONG,0.9999755024909973,True,0,0.0,0.6458030999929179
word_001978.png,CAFE,CAFE,0.9999908208847046,True,0,0.0,0.6379743999859784
word_001979.png,FACE+,FACE+,0.9998987317085266,True,0,0.0,0.6257427000091411
word_001980.png,YAMANO,YAMANO,0.9996814727783203,True,0,0.0,0.6661689000029583
word_001981.png,ITALIANA,ITALIANA,0.9998822212219238,True,0,0.0,0.6477196000050753
word_001982.png,SANS,SANS,0.9999539852142334,True,0,0.0,0.6568380999960937
word_001983.png,SANS,SANS,0.9999918937683105,True,0,0.0,0.6977913999871816
word_001984.png,TANUKI,TANUKI,0.9999682903289795,True,0,0.0,0.5816469000128563
word_001985.png,RAW,RAW,0.9999931454658508,True,0,0.0,0.6276253999967594
word_001986.png,GALLERIA,GALLERIA,0.9999569654464722,True,0,0.0,0.5873048999928869
word_001987.png,SINGAPORE,SINGAPORE,0.9993203282356262,True,0,0.0,0.6751256999850739
word_001988.png,MINT,MINT,0.9999578595161438,True,0,0.0,0.611990200006403
word_001989.png,RENANZA,RENAZA,0.9970579743385315,False,1,0.14285714285714285,0.6422088999825064
word_001990.png,WELLNESS,WELLNESS,0.9980291128158569,True,0,0.0,0.7132204000081401
word_001991.png,LIFESTYLE,LIFESTYLEL,0.978377640247345,False,1,0.1111111111111111,0.6615276999946218
word_001992.png,SADRINAGO,SABRINAGOH,0.9934043884277344,False,2,0.2222222222222222,0.6422470999823418
word_001993.png,THE,THE,0.9999120235443115,True,0,0.0,0.6774529000103939
word_001994.png,RECKLESS,RECKLESS,0.9995176792144775,True,0,0.0,0.5706871000002138
word_001995.png,SHOP,SHOP,0.9995832443237305,True,0,0.0,0.6712253999721725
word_001996.png,yamano,yamano,0.9999697208404541,True,0,0.0,0.6333455000130925
word_001997.png,FACE,EACE,0.9591025114059448,False,1,0.25,0.7094713000115007
word_001998.png,the,the,0.9999983310699463,True,0,0.0,0.7437725000199862
word_001999.png,calator,calator,0.9936731457710266,True,0,0.0,0.7295124999945983
word_002000.png,accha,laccha,0.9255900979042053,False,1,0.2,0.7357995999918785
word_002001.png,ouse,ouse,0.9959856271743774,True,0,0.0,0.6992901999910828
word_002002.png,6636-5830,6636-5830,0.9959373474121094,True,0,0.0,0.7261714999913238
word_002003.png,#B1-39,B1-39,0.9999434351921082,False,1,0.16666666666666666,0.6610390999994706
word_002004.png,ANK,ANK,0.9999930262565613,True,0,0.0,0.6183559999917634
word_002005.png,origo,origo,0.9970425367355347,True,0,0.0,0.693051700014621
word_002006.png,creation,creation,0.9998832941055298,True,0,0.0,0.6725469999946654
word_002007.png,rom,rom,0.9995470643043518,True,0,0.0,0.6099966999900062
word_002008.png,ature,atun,0.9634285569190979,False,2,0.4,0.5917469999985769
word_002009.png,LIFE,LIFE,0.9819498062133789,True,0,0.0,0.6259262999810744
word_002010.png,J&D,J8D,0.9754020571708679,False,1,0.3333333333333333,0.6277009000186808
word_002011.png,TOO,100,0.5919700860977173,False,3,1.0,0.6937233000062406
word_002012.png,SHORT,SHURT,0.961323082447052,False,1,0.2,0.6498423999873921
word_002013.png,BAD,BAD,0.999969482421875,True,0,0.0,0.7142545000242535
word_002014.png,nniiru,2,0.15221074223518372,False,6,1.0,0.6521746999933384
word_002015.png,inc,,0.0,False,3,1.0,0.8004239000147209
word_002016.png,COLD,COLD,0.9999468326568604,True,0,0.0,0.7025521000032313
word_002017.png,STONE,STONE,0.9999873042106628,True,0,0.0,0.674506699986523
word_002018.png,CREAME,CREAVERT,0.8749113082885742,False,3,0.5,0.6465641999966465
word_002019.png,COLD,M010,0.49835681915283203,False,4,1.0,0.6570662000158336
word_002020.png,STONE,ARE,0.3511826992034912,False,4,0.8,0.588908999983687
word_002021.png,CREAMERY,201,0.3423921763896942,False,8,1.0,0.628459900006419
word_002022.png,COLD,2,0.6764950752258301,False,4,1.0,0.6166670999955386
word_002023.png,STONE,AO,0.42040520906448364,False,4,0.8,0.6205989000154659
word_002024.png,KILLINEY,KILLINEY,0.9999693632125854,True,0,0.0,0.6630532999988645
word_002025.png,Foods,Foods,0.9999889135360718,True,0,0.0,0.6537461999978404
word_002026.png,Classic,Classic,0.9998502731323242,True,0,0.0,0.6104202999849804
word_002027.png,Fine,Fine,0.9999901056289673,True,0,0.0,0.5939080999814905
word_002028.png,Supplies,Supplier,0.9995371103286743,False,1,0.125,0.6245395999867469
word_002029.png,WEN,WEN,0.9999921917915344,True,0,0.0,0.6371273999975529
word_002030.png,Globe,Glabe,0.9173739552497864,False,1,0.2,0.7011597999953665
word_002031.png,YONG,YONG,0.9900166988372803,True,0,0.0,0.6235065999790095
word_002032.png,different,different,0.9994877576828003,True,0,0.0,0.6741770999797154
word_002033.png,Website,Website:,0.9963418245315552,False,1,0.14285714285714285,0.6853292000014335
word_002034.png,www.ywgroup.com.sg,ww.ywgroup.com.sg,0.9966540336608887,False,1,0.05555555555555555,0.7548855999775697
word_002035.png,Tel:777 8100,Tel:777 8100,0.946678638458252,True,0,0.0,0.6565818999952171
word_002036.png,PLAZA,PLAZA,0.9999661445617676,True,0,0.0,0.6200333000160754
word_002037.png,CORNER,CORNER,0.9999729990959167,True,0,0.0,0.8592778999882285
word_002038.png,LORS,LORS,0.9999619722366333,True,0,0.0,0.6520233000046574
word_002039.png,Clemenceau,Clemenceau,0.9999804496765137,True,0,0.0,0.6009655999951065
word_002040.png,Ave,Ave,0.9999778270721436,True,0,0.0,0.657461399998283
word_002041.png,Havelock,Havelock,0.9999926090240479,True,0,0.0,0.5843792000086978
word_002042.png,CTE,CTE,0.9999909400939941,True,0,0.0,0.6104696000111289
word_002043.png,SLE,SLE,0.999992311000824,True,0,0.0,0.6353800999931991
word_002044.png,Bras,Bras,0.9999914169311523,True,0,0.0,0.6256679999933112
word_002045.png,Basah,Basah,0.999984860420227,True,0,0.0,0.6095485000114422
word_002046.png,attached,attached,0.9999964237213135,True,0,0.0,0.7020030000130646
word_002047.png,minimum,minimum,0.9988160729408264,True,0,0.0,0.6861438999767415
word_002048.png,strings,strings,0.9999972581863403,True,0,0.0,0.6930863999878056
word_002049.png,spend,spend,0.9999661445617676,True,0,0.0,0.6302257000061218
word_002050.png,earn,earn,0.9999827742576599,True,0,0.0,0.6663261000066996
word_002051.png,cap,cap,0.9998456835746765,True,0,0.0,0.5846143999951892
word_002052.png,Promise,Promise,0.945771336555481,True,0,0.0,0.5762767000123858
word_002053.png,anywhere,anywhere,0.9986639618873596,True,0,0.0,0.6265536999853794
word_002054.png,24/7,24/7,0.9359718561172485,True,0,0.0,0.6014433999953326
word_002055.png,365,365,0.9999940991401672,True,0,0.0,0.6020786000008229
word_002056.png,Cavenagh,Cavenagh,0.9999937415122986,True,0,0.0,0.6293936999863945
word_002057.png,KEEP,KEEP,0.9999604225158691,True,0,0.0,0.6159846999798901
word_002058.png,RIGHT,RIGHT,0.9999617338180542,True,0,0.0,0.6429273000103422
word_002059.png,EXCEPT,EXCEPT,0.9999509453773499,True,0,0.0,0.62727269998868
word_002060.png,TRAFFIC,TRAFFIC,0.9999866485595703,True,0,0.0,0.7091012000164483
word_002061.png,TURNING,TURNING,0.9999514818191528,True,0,0.0,0.7775729999993928
word_002062.png,INTO,INTO,0.9999843835830688,True,0,0.0,0.7274703999864869
word_002063.png,ISTANA,ISTANA,0.9997420907020569,True,0,0.0,0.6571892999927513
word_002064.png,DOMAIN,DOMAIN,0.9998872876167297,True,0,0.0,0.6192861999734305
word_002065.png,Underpass,Underpass,0.9998970031738281,True,0,0.0,0.5906091000069864
